"","cluster","long","lat"
"1",1,-84.4311142424242,33.62522
"2",1,-84.3647805050505,33.62522
"3",1,-84.4311142424242,33.6260541414141
"4",1,-84.3647805050505,33.6260541414141
"5",1,-84.4311142424242,33.6268882828283
"6",1,-84.3647805050505,33.6268882828283
"7",1,-84.4311142424242,33.6277224242424
"8",1,-84.3647805050505,33.6277224242424
"9",1,-84.4311142424242,33.6285565656566
"10",1,-84.3647805050505,33.6285565656566
"11",1,-84.4311142424242,33.6293907070707
"12",1,-84.3906921212121,33.6293907070707
"13",1,-84.3647805050505,33.6293907070707
"14",1,-84.4425153535353,33.6302248484849
"15",1,-84.4331871717172,33.6302248484849
"16",1,-84.3906921212121,33.6302248484849
"17",1,-84.3647805050505,33.6302248484849
"18",1,-84.4435518181818,33.631058989899
"19",1,-84.3906921212121,33.631058989899
"20",1,-84.3647805050505,33.631058989899
"21",1,-84.4435518181818,33.6318931313131
"22",1,-84.3906921212121,33.6318931313131
"23",1,-84.3647805050505,33.6318931313131
"24",1,-84.4435518181818,33.6327272727273
"25",1,-84.3906921212121,33.6327272727273
"26",1,-84.3647805050505,33.6327272727273
"27",1,-84.4435518181818,33.6335614141414
"28",1,-84.3906921212121,33.6335614141414
"29",1,-84.3647805050505,33.6335614141414
"30",1,-84.4435518181818,33.6343955555556
"31",1,-84.3906921212121,33.6343955555556
"32",1,-84.3647805050505,33.6343955555556
"33",1,-84.4435518181818,33.6352296969697
"34",1,-84.3906921212121,33.6352296969697
"35",1,-84.3647805050505,33.6352296969697
"36",1,-84.4435518181818,33.6360638383838
"37",1,-84.3906921212121,33.6360638383838
"38",1,-84.3647805050505,33.6360638383838
"39",1,-84.4425153535353,33.636897979798
"40",1,-84.3906921212121,33.636897979798
"41",1,-84.3647805050505,33.636897979798
"42",1,-84.4425153535353,33.6377321212121
"43",1,-84.3906921212121,33.6377321212121
"44",1,-84.3647805050505,33.6377321212121
"45",1,-84.4425153535353,33.6385662626263
"46",1,-84.3906921212121,33.6385662626263
"47",1,-84.3647805050505,33.6385662626263
"48",1,-84.4425153535353,33.6394004040404
"49",1,-84.3906921212121,33.6394004040404
"50",1,-84.3647805050505,33.6394004040404
"51",1,-84.4435518181818,33.6402345454545
"52",1,-84.3906921212121,33.6402345454545
"53",1,-84.3647805050505,33.6402345454545
"54",1,-84.4435518181818,33.6410686868687
"55",1,-84.3906921212121,33.6410686868687
"56",1,-84.3647805050505,33.6410686868687
"57",1,-84.4435518181818,33.6419028282828
"58",1,-84.3906921212121,33.6419028282828
"59",1,-84.3647805050505,33.6419028282828
"60",1,-84.4435518181818,33.642736969697
"61",1,-84.3906921212121,33.642736969697
"62",1,-84.3647805050505,33.642736969697
"63",1,-84.4435518181818,33.6435711111111
"64",1,-84.3906921212121,33.6435711111111
"65",1,-84.3647805050505,33.6435711111111
"66",1,-84.4435518181818,33.6444052525253
"67",1,-84.3906921212121,33.6444052525253
"68",1,-84.3647805050505,33.6444052525253
"69",1,-84.4435518181818,33.6452393939394
"70",1,-84.3906921212121,33.6452393939394
"71",1,-84.3647805050505,33.6452393939394
"72",1,-84.4435518181818,33.6460735353535
"73",1,-84.3906921212121,33.6460735353535
"74",1,-84.3647805050505,33.6460735353535
"75",1,-84.4435518181818,33.6469076767677
"76",1,-84.3906921212121,33.6469076767677
"77",1,-84.3647805050505,33.6469076767677
"78",1,-84.4445882828283,33.6477418181818
"79",1,-84.3906921212121,33.6477418181818
"80",1,-84.3647805050505,33.6477418181818
"81",1,-84.4445882828283,33.648575959596
"82",1,-84.3906921212121,33.648575959596
"83",1,-84.365816969697,33.648575959596
"84",1,-84.4445882828283,33.6494101010101
"85",1,-84.4311142424242,33.6494101010101
"86",1,-84.3906921212121,33.6494101010101
"87",1,-84.365816969697,33.6494101010101
"88",1,-84.4445882828283,33.6502442424242
"89",1,-84.4290413131313,33.6502442424242
"90",1,-84.3906921212121,33.6502442424242
"91",1,-84.365816969697,33.6502442424242
"92",1,-84.4445882828283,33.6510783838384
"93",1,-84.4280048484848,33.6510783838384
"94",1,-84.3906921212121,33.6510783838384
"95",1,-84.365816969697,33.6510783838384
"96",1,-84.4445882828283,33.6519125252525
"97",1,-84.4280048484848,33.6519125252525
"98",1,-84.3906921212121,33.6519125252525
"99",1,-84.365816969697,33.6519125252525
"100",1,-84.4269683838384,33.6527466666667
"101",1,-84.3906921212121,33.6527466666667
"102",1,-84.365816969697,33.6527466666667
"103",1,-84.4269683838384,33.6535808080808
"104",1,-84.3896556565657,33.6535808080808
"105",1,-84.365816969697,33.6535808080808
"106",1,-84.4269683838384,33.654414949495
"107",1,-84.3896556565657,33.654414949495
"108",1,-84.365816969697,33.654414949495
"109",1,-84.4269683838384,33.6552490909091
"110",1,-84.3886191919192,33.6552490909091
"111",1,-84.365816969697,33.6552490909091
"112",1,-84.4269683838384,33.6560832323232
"113",1,-84.365816969697,33.6560832323232
"114",1,-84.4269683838384,33.6569173737374
"115",1,-84.3772180808081,33.6569173737374
"116",1,-84.3575252525252,33.6569173737374
"117",1,-84.4269683838384,33.6577515151515
"118",1,-84.379291010101,33.6577515151515
"119",1,-84.3564887878788,33.6577515151515
"120",1,-84.4269683838384,33.6585856565657
"121",1,-84.379291010101,33.6585856565657
"122",1,-84.3554523232323,33.6585856565657
"123",1,-84.4269683838384,33.6594197979798
"124",1,-84.3803274747475,33.6594197979798
"125",1,-84.3554523232323,33.6594197979798
"126",1,-84.4269683838384,33.6602539393939
"127",1,-84.3803274747475,33.6602539393939
"128",1,-84.3554523232323,33.6602539393939
"129",1,-84.4269683838384,33.6610880808081
"130",1,-84.3803274747475,33.6610880808081
"131",1,-84.3554523232323,33.6610880808081
"132",1,-84.4269683838384,33.6619222222222
"133",1,-84.3803274747475,33.6619222222222
"134",1,-84.3554523232323,33.6619222222222
"135",1,-84.4259319191919,33.6627563636364
"136",1,-84.3803274747475,33.6627563636364
"137",1,-84.3554523232323,33.6627563636364
"138",1,-84.3813639393939,33.6635905050505
"139",1,-84.3564887878788,33.6635905050505
"140",1,-84.3824004040404,33.6644246464646
"141",1,-84.3585617171717,33.6644246464646
"142",1,-84.3896556565657,33.6652587878788
"143",1,-84.3896556565657,33.6660929292929
"144",1,-84.3896556565657,33.6669270707071
"145",1,-84.3906921212121,33.6677612121212
"146",1,-84.3906921212121,33.6685953535354
"147",1,-84.3906921212121,33.6694294949495
"148",1,-84.3906921212121,33.6702636363636
"149",1,-84.3906921212121,33.6710977777778
"150",1,-84.3906921212121,33.6719319191919
"151",1,-84.3906921212121,33.6727660606061
"152",1,-84.3906921212121,33.6736002020202
"153",1,-84.3917285858586,33.6744343434343
"154",1,-84.3938015151515,33.6752684848485
"155",1,-84.3741086868687,33.6752684848485
"156",1,-84.3989838383838,33.6761026262626
"157",1,-84.3730722222222,33.6761026262626
"158",1,-84.4031296969697,33.6769367676768
"159",1,-84.3730722222222,33.6769367676768
"160",1,-84.4041661616162,33.6777709090909
"161",1,-84.3720357575758,33.6777709090909
"162",1,-84.4052026262626,33.678605050505
"163",1,-84.3720357575758,33.678605050505
"164",1,-84.4052026262626,33.6794391919192
"165",1,-84.3720357575758,33.6794391919192
"166",1,-84.4062390909091,33.6802733333333
"167",1,-84.3720357575758,33.6802733333333
"168",1,-84.4062390909091,33.6811074747475
"169",1,-84.3709992929293,33.6811074747475
"170",1,-84.4062390909091,33.6819416161616
"171",1,-84.3709992929293,33.6819416161616
"172",1,-84.4062390909091,33.6827757575758
"173",1,-84.3709992929293,33.6827757575758
"174",1,-84.4062390909091,33.6836098989899
"175",1,-84.3709992929293,33.6836098989899
"176",1,-84.4062390909091,33.684444040404
"177",1,-84.3709992929293,33.684444040404
"178",1,-84.4072755555555,33.6852781818182
"179",1,-84.3709992929293,33.6852781818182
"180",1,-84.4072755555555,33.6861123232323
"181",1,-84.3720357575758,33.6861123232323
"182",1,-84.4072755555555,33.6869464646465
"183",1,-84.3958744444444,33.6869464646465
"184",1,-84.3720357575758,33.6869464646465
"185",1,-84.4072755555555,33.6877806060606
"186",1,-84.394837979798,33.6877806060606
"187",1,-84.4072755555555,33.6886147474747
"188",1,-84.3938015151515,33.6886147474747
"189",1,-84.4072755555555,33.6894488888889
"190",1,-84.3938015151515,33.6894488888889
"191",1,-84.408312020202,33.690283030303
"192",1,-84.3938015151515,33.690283030303
"193",1,-84.408312020202,33.6911171717172
"194",1,-84.392765050505,33.6911171717172
"195",1,-84.408312020202,33.6919513131313
"196",1,-84.3938015151515,33.6919513131313
"197",1,-84.4093484848485,33.6927854545455
"198",1,-84.3938015151515,33.6927854545455
"199",1,-84.4093484848485,33.6936195959596
"200",1,-84.394837979798,33.6936195959596
"201",1,-84.4103849494949,33.6944537373737
"202",1,-84.4103849494949,33.6952878787879
"203",1,-84.4103849494949,33.696122020202
"204",1,-84.4114214141414,33.6969561616162
"205",1,-84.4114214141414,33.6977903030303
"206",1,-84.4114214141414,33.6986244444444
"207",1,-84.4114214141414,33.6994585858586
"208",1,-84.4114214141414,33.7002927272727
"209",1,-84.4114214141414,33.7011268686869
"210",1,-84.4114214141414,33.701961010101
"211",1,-84.4114214141414,33.7027951515151
"212",1,-84.4124578787879,33.7036292929293
"213",1,-84.4124578787879,33.7044634343434
"214",1,-84.4134943434343,33.7052975757576
"215",1,-84.4145308080808,33.7061317171717
"216",1,-84.4155672727273,33.7069658585859
"217",1,-84.4166037373737,33.7078
"218",2,-84.3492693939394,33.71898
"219",2,-84.3298429292929,33.71898
"220",2,-84.3492693939394,33.7197332323232
"221",2,-84.3298429292929,33.7197332323232
"222",2,-84.3492693939394,33.7204864646465
"223",2,-84.3298429292929,33.7204864646465
"224",2,-84.2992088888889,33.7204864646465
"225",2,-84.3492693939394,33.7212396969697
"226",2,-84.3290957575758,33.7212396969697
"227",2,-84.2984617171717,33.7212396969697
"228",2,-84.3492693939394,33.7219929292929
"229",2,-84.3290957575758,33.7219929292929
"230",2,-84.2984617171717,33.7219929292929
"231",2,-84.3492693939394,33.7227461616162
"232",2,-84.3283485858586,33.7227461616162
"233",2,-84.2984617171717,33.7227461616162
"234",2,-84.3492693939394,33.7234993939394
"235",2,-84.3283485858586,33.7234993939394
"236",2,-84.2984617171717,33.7234993939394
"237",2,-84.3492693939394,33.7242526262626
"238",2,-84.3283485858586,33.7242526262626
"239",2,-84.2984617171717,33.7242526262626
"240",2,-84.3500165656566,33.7250058585859
"241",2,-84.3283485858586,33.7250058585859
"242",2,-84.2984617171717,33.7250058585859
"243",2,-84.3500165656566,33.7257590909091
"244",2,-84.3283485858586,33.7257590909091
"245",2,-84.2984617171717,33.7257590909091
"246",2,-84.3500165656566,33.7265123232323
"247",2,-84.3283485858586,33.7265123232323
"248",2,-84.2984617171717,33.7265123232323
"249",2,-84.3500165656566,33.7272655555556
"250",2,-84.3290957575758,33.7272655555556
"251",2,-84.2984617171717,33.7272655555556
"252",2,-84.3500165656566,33.7280187878788
"253",2,-84.3290957575758,33.7280187878788
"254",2,-84.2984617171717,33.7280187878788
"255",2,-84.3500165656566,33.728772020202
"256",2,-84.3298429292929,33.728772020202
"257",2,-84.2984617171717,33.728772020202
"258",2,-84.3492693939394,33.7295252525253
"259",2,-84.3305901010101,33.7295252525253
"260",2,-84.2984617171717,33.7295252525253
"261",2,-84.3492693939394,33.7302784848485
"262",2,-84.3313372727273,33.7302784848485
"263",2,-84.2984617171717,33.7302784848485
"264",2,-84.3492693939394,33.7310317171717
"265",2,-84.3320844444444,33.7310317171717
"266",2,-84.2984617171717,33.7310317171717
"267",2,-84.3485222222222,33.731784949495
"268",2,-84.3328316161616,33.731784949495
"269",2,-84.2984617171717,33.731784949495
"270",2,-84.347775050505,33.7325381818182
"271",2,-84.3335787878788,33.7325381818182
"272",2,-84.312657979798,33.7325381818182
"273",2,-84.2977145454545,33.7325381818182
"274",2,-84.347775050505,33.7332914141414
"275",2,-84.334325959596,33.7332914141414
"276",2,-84.312657979798,33.7332914141414
"277",2,-84.2977145454545,33.7332914141414
"278",2,-84.3470278787879,33.7340446464646
"279",2,-84.3358203030303,33.7340446464646
"280",2,-84.312657979798,33.7340446464646
"281",2,-84.2977145454545,33.7340446464646
"282",2,-84.3462807070707,33.7347978787879
"283",2,-84.312657979798,33.7347978787879
"284",2,-84.2977145454545,33.7347978787879
"285",2,-84.3462807070707,33.7355511111111
"286",2,-84.312657979798,33.7355511111111
"287",2,-84.2977145454545,33.7355511111111
"288",2,-84.3462807070707,33.7363043434343
"289",2,-84.312657979798,33.7363043434343
"290",2,-84.2969673737374,33.7363043434343
"291",2,-84.3462807070707,33.7370575757576
"292",2,-84.3134051515151,33.7370575757576
"293",2,-84.2962202020202,33.7370575757576
"294",2,-84.3462807070707,33.7378108080808
"295",2,-84.3134051515151,33.7378108080808
"296",2,-84.2962202020202,33.7378108080808
"297",2,-84.3462807070707,33.738564040404
"298",2,-84.3134051515151,33.738564040404
"299",2,-84.295473030303,33.738564040404
"300",2,-84.3462807070707,33.7393172727273
"301",2,-84.3134051515151,33.7393172727273
"302",2,-84.2947258585858,33.7393172727273
"303",2,-84.3462807070707,33.7400705050505
"304",2,-84.3134051515151,33.7400705050505
"305",2,-84.2939786868687,33.7400705050505
"306",2,-84.3462807070707,33.7408237373737
"307",2,-84.3134051515151,33.7408237373737
"308",2,-84.2939786868687,33.7408237373737
"309",2,-84.3470278787879,33.741576969697
"310",2,-84.3134051515151,33.741576969697
"311",2,-84.2939786868687,33.741576969697
"312",2,-84.3470278787879,33.7423302020202
"313",2,-84.3134051515151,33.7423302020202
"314",2,-84.2932315151515,33.7423302020202
"315",2,-84.3470278787879,33.7430834343434
"316",2,-84.3350731313131,33.7430834343434
"317",2,-84.3134051515151,33.7430834343434
"318",2,-84.2932315151515,33.7430834343434
"319",2,-84.347775050505,33.7438366666667
"320",2,-84.334325959596,33.7438366666667
"321",2,-84.3134051515151,33.7438366666667
"322",2,-84.2932315151515,33.7438366666667
"323",2,-84.3485222222222,33.7445898989899
"324",2,-84.3335787878788,33.7445898989899
"325",2,-84.3134051515151,33.7445898989899
"326",2,-84.2932315151515,33.7445898989899
"327",2,-84.3485222222222,33.7453431313131
"328",2,-84.3328316161616,33.7453431313131
"329",2,-84.312657979798,33.7453431313131
"330",2,-84.2932315151515,33.7453431313131
"331",2,-84.3492693939394,33.7460963636364
"332",2,-84.3320844444444,33.7460963636364
"333",2,-84.312657979798,33.7460963636364
"334",2,-84.2932315151515,33.7460963636364
"335",2,-84.3492693939394,33.7468495959596
"336",2,-84.3320844444444,33.7468495959596
"337",2,-84.312657979798,33.7468495959596
"338",2,-84.2932315151515,33.7468495959596
"339",2,-84.3492693939394,33.7476028282828
"340",2,-84.3313372727273,33.7476028282828
"341",2,-84.312657979798,33.7476028282828
"342",2,-84.2932315151515,33.7476028282828
"343",2,-84.3485222222222,33.7483560606061
"344",2,-84.3313372727273,33.7483560606061
"345",2,-84.3134051515151,33.7483560606061
"346",2,-84.2932315151515,33.7483560606061
"347",2,-84.347775050505,33.7491092929293
"348",2,-84.3313372727273,33.7491092929293
"349",2,-84.3134051515151,33.7491092929293
"350",2,-84.2932315151515,33.7491092929293
"351",2,-84.3470278787879,33.7498625252525
"352",2,-84.3328316161616,33.7498625252525
"353",2,-84.2932315151515,33.7498625252525
"354",2,-84.3470278787879,33.7506157575758
"355",2,-84.3350731313131,33.7506157575758
"356",2,-84.2932315151515,33.7506157575758
"357",2,-84.3462807070707,33.751368989899
"358",2,-84.2939786868687,33.751368989899
"359",2,-84.3462807070707,33.7521222222222
"360",2,-84.3253598989899,33.7521222222222
"361",2,-84.2939786868687,33.7521222222222
"362",2,-84.3462807070707,33.7528754545455
"363",2,-84.3246127272727,33.7528754545455
"364",2,-84.2939786868687,33.7528754545455
"365",2,-84.3470278787879,33.7536286868687
"366",2,-84.3238655555556,33.7536286868687
"367",2,-84.2947258585858,33.7536286868687
"368",2,-84.3470278787879,33.7543819191919
"369",2,-84.3231183838384,33.7543819191919
"370",2,-84.2962202020202,33.7543819191919
"371",2,-84.3470278787879,33.7551351515152
"372",2,-84.3231183838384,33.7551351515152
"373",2,-84.3470278787879,33.7558883838384
"374",2,-84.3223712121212,33.7558883838384
"375",2,-84.3470278787879,33.7566416161616
"376",2,-84.3223712121212,33.7566416161616
"377",2,-84.3470278787879,33.7573948484849
"378",2,-84.3223712121212,33.7573948484849
"379",2,-84.3470278787879,33.7581480808081
"380",2,-84.3223712121212,33.7581480808081
"381",2,-84.3470278787879,33.7589013131313
"382",2,-84.3223712121212,33.7589013131313
"383",2,-84.347775050505,33.7596545454545
"384",2,-84.3223712121212,33.7596545454545
"385",2,-84.347775050505,33.7604077777778
"386",2,-84.3231183838384,33.7604077777778
"387",2,-84.347775050505,33.761161010101
"388",2,-84.3238655555556,33.761161010101
"389",2,-84.3485222222222,33.7619142424242
"390",2,-84.3485222222222,33.7626674747475
"391",2,-84.3492693939394,33.7634207070707
"392",2,-84.3492693939394,33.7641739393939
"393",2,-84.3492693939394,33.7649271717172
"394",2,-84.3500165656566,33.7656804040404
"395",2,-84.3500165656566,33.7664336363636
"396",2,-84.3507637373737,33.7671868686869
"397",2,-84.3507637373737,33.7679401010101
"398",2,-84.3507637373737,33.7686933333333
"399",2,-84.3515109090909,33.7694465656566
"400",2,-84.3515109090909,33.7701997979798
"401",2,-84.3522580808081,33.770953030303
"402",2,-84.3522580808081,33.7717062626263
"403",2,-84.3522580808081,33.7724594949495
"404",2,-84.3522580808081,33.7732127272727
"405",2,-84.3522580808081,33.773965959596
"406",2,-84.3522580808081,33.7747191919192
"407",2,-84.3522580808081,33.7754724242424
"408",2,-84.3522580808081,33.7762256565657
"409",2,-84.3522580808081,33.7769788888889
"410",2,-84.3522580808081,33.7777321212121
"411",2,-84.3515109090909,33.7784853535354
"412",2,-84.3515109090909,33.7792385858586
"413",2,-84.3507637373737,33.7799918181818
"414",2,-84.3507637373737,33.7807450505051
"415",2,-84.3507637373737,33.7814982828283
"416",2,-84.3500165656566,33.7822515151515
"417",2,-84.3500165656566,33.7830047474747
"418",2,-84.3500165656566,33.783757979798
"419",2,-84.3500165656566,33.7845112121212
"420",2,-84.3500165656566,33.7852644444445
"421",2,-84.3500165656566,33.7860176767677
"422",2,-84.3500165656566,33.7867709090909
"423",2,-84.3500165656566,33.7875241414141
"424",2,-84.3500165656566,33.7882773737374
"425",2,-84.3500165656566,33.7890306060606
"426",2,-84.3492693939394,33.7897838383838
"427",2,-84.3492693939394,33.7905370707071
"428",2,-84.3492693939394,33.7912903030303
"429",2,-84.3492693939394,33.7920435353535
"430",2,-84.3492693939394,33.7927967676768
"431",2,-84.3492693939394,33.79355
"432",3,-84.3950936363636,33.74401
"433",3,-84.3754831313131,33.74401
"434",3,-84.3950936363636,33.7445836363636
"435",3,-84.3754831313131,33.7445836363636
"436",3,-84.3950936363636,33.7451572727273
"437",3,-84.3754831313131,33.7451572727273
"438",3,-84.3944808080808,33.7457309090909
"439",3,-84.376095959596,33.7457309090909
"440",3,-84.3944808080808,33.7463045454545
"441",3,-84.376095959596,33.7463045454545
"442",3,-84.3944808080808,33.7468781818182
"443",3,-84.376095959596,33.7468781818182
"444",3,-84.393867979798,33.7474518181818
"445",3,-84.376095959596,33.7474518181818
"446",3,-84.3932551515152,33.7480254545455
"447",3,-84.376095959596,33.7480254545455
"448",3,-84.3926423232323,33.7485990909091
"449",3,-84.376095959596,33.7485990909091
"450",3,-84.3926423232323,33.7491727272727
"451",3,-84.3754831313131,33.7491727272727
"452",3,-84.3920294949495,33.7497463636364
"453",3,-84.3754831313131,33.7497463636364
"454",3,-84.3914166666667,33.75032
"455",3,-84.3742574747475,33.75032
"456",3,-84.3914166666667,33.7508936363636
"457",3,-84.3736446464647,33.7508936363636
"458",3,-84.3914166666667,33.7514672727273
"459",3,-84.3730318181818,33.7514672727273
"460",3,-84.3914166666667,33.7520409090909
"461",3,-84.3730318181818,33.7520409090909
"462",3,-84.3908038383838,33.7526145454545
"463",3,-84.372418989899,33.7526145454545
"464",3,-84.3908038383838,33.7531881818182
"465",3,-84.372418989899,33.7531881818182
"466",3,-84.3908038383838,33.7537618181818
"467",3,-84.3803857575758,33.7537618181818
"468",3,-84.372418989899,33.7537618181818
"469",3,-84.3908038383838,33.7543354545455
"470",3,-84.372418989899,33.7543354545455
"471",3,-84.3908038383838,33.7549090909091
"472",3,-84.372418989899,33.7549090909091
"473",3,-84.390191010101,33.7554827272727
"474",3,-84.372418989899,33.7554827272727
"475",3,-84.390191010101,33.7560563636364
"476",3,-84.3730318181818,33.7560563636364
"477",3,-84.390191010101,33.75663
"478",3,-84.3730318181818,33.75663
"479",3,-84.3895781818182,33.7572036363636
"480",3,-84.3730318181818,33.7572036363636
"481",3,-84.3889653535354,33.7577772727273
"482",3,-84.3736446464647,33.7577772727273
"483",3,-84.3883525252525,33.7583509090909
"484",3,-84.3736446464647,33.7583509090909
"485",3,-84.3662907070707,33.7583509090909
"486",3,-84.3877396969697,33.7589245454545
"487",3,-84.3736446464647,33.7589245454545
"488",3,-84.3662907070707,33.7589245454545
"489",3,-84.4030604040404,33.7594981818182
"490",3,-84.3877396969697,33.7594981818182
"491",3,-84.3736446464647,33.7594981818182
"492",3,-84.3662907070707,33.7594981818182
"493",3,-84.4036732323232,33.7600718181818
"494",3,-84.3871268686869,33.7600718181818
"495",3,-84.3736446464647,33.7600718181818
"496",3,-84.3656778787879,33.7600718181818
"497",3,-84.4036732323232,33.7606454545455
"498",3,-84.3871268686869,33.7606454545455
"499",3,-84.3736446464647,33.7606454545455
"500",3,-84.3656778787879,33.7606454545455
"501",3,-84.4042860606061,33.7612190909091
"502",3,-84.3871268686869,33.7612190909091
"503",3,-84.3736446464647,33.7612190909091
"504",3,-84.3656778787879,33.7612190909091
"505",3,-84.4042860606061,33.7617927272727
"506",3,-84.386514040404,33.7617927272727
"507",3,-84.3736446464647,33.7617927272727
"508",3,-84.3656778787879,33.7617927272727
"509",3,-84.4042860606061,33.7623663636364
"510",3,-84.386514040404,33.7623663636364
"511",3,-84.3736446464647,33.7623663636364
"512",3,-84.3656778787879,33.7623663636364
"513",3,-84.4048988888889,33.76294
"514",3,-84.386514040404,33.76294
"515",3,-84.3736446464647,33.76294
"516",3,-84.3656778787879,33.76294
"517",3,-84.4048988888889,33.7635136363636
"518",3,-84.386514040404,33.7635136363636
"519",3,-84.3736446464647,33.7635136363636
"520",3,-84.3656778787879,33.7635136363636
"521",3,-84.4048988888889,33.7640872727273
"522",3,-84.386514040404,33.7640872727273
"523",3,-84.3736446464647,33.7640872727273
"524",3,-84.3656778787879,33.7640872727273
"525",3,-84.4048988888889,33.7646609090909
"526",3,-84.386514040404,33.7646609090909
"527",3,-84.3736446464647,33.7646609090909
"528",3,-84.3656778787879,33.7646609090909
"529",3,-84.4048988888889,33.7652345454545
"530",3,-84.386514040404,33.7652345454545
"531",3,-84.3736446464647,33.7652345454545
"532",3,-84.3656778787879,33.7652345454545
"533",3,-84.4048988888889,33.7658081818182
"534",3,-84.3932551515152,33.7658081818182
"535",3,-84.3859012121212,33.7658081818182
"536",3,-84.3730318181818,33.7658081818182
"537",3,-84.3656778787879,33.7658081818182
"538",3,-84.4055117171717,33.7663818181818
"539",3,-84.3932551515152,33.7663818181818
"540",3,-84.3859012121212,33.7663818181818
"541",3,-84.3730318181818,33.7663818181818
"542",3,-84.365065050505,33.7663818181818
"543",3,-84.4055117171717,33.7669554545455
"544",3,-84.3932551515152,33.7669554545455
"545",3,-84.3852883838384,33.7669554545455
"546",3,-84.372418989899,33.7669554545455
"547",3,-84.365065050505,33.7669554545455
"548",3,-84.4055117171717,33.7675290909091
"549",3,-84.3846755555556,33.7675290909091
"550",3,-84.372418989899,33.7675290909091
"551",3,-84.365065050505,33.7675290909091
"552",3,-84.4055117171717,33.7681027272727
"553",3,-84.3840627272727,33.7681027272727
"554",3,-84.3718061616162,33.7681027272727
"555",3,-84.365065050505,33.7681027272727
"556",3,-84.4055117171717,33.7686763636364
"557",3,-84.3828370707071,33.7686763636364
"558",3,-84.3718061616162,33.7686763636364
"559",3,-84.365065050505,33.7686763636364
"560",3,-84.4061245454545,33.76925
"561",3,-84.3822242424242,33.76925
"562",3,-84.3718061616162,33.76925
"563",3,-84.365065050505,33.76925
"564",3,-84.4061245454545,33.7698236363636
"565",3,-84.3822242424242,33.7698236363636
"566",3,-84.3711933333333,33.7698236363636
"567",3,-84.365065050505,33.7698236363636
"568",3,-84.4061245454545,33.7703972727273
"569",3,-84.3816114141414,33.7703972727273
"570",3,-84.3711933333333,33.7703972727273
"571",3,-84.3644522222222,33.7703972727273
"572",3,-84.4067373737374,33.7709709090909
"573",3,-84.3816114141414,33.7709709090909
"574",3,-84.3705805050505,33.7709709090909
"575",3,-84.3644522222222,33.7709709090909
"576",3,-84.4067373737374,33.7715445454545
"577",3,-84.3822242424242,33.7715445454545
"578",3,-84.3644522222222,33.7715445454545
"579",3,-84.4067373737374,33.7721181818182
"580",3,-84.3822242424242,33.7721181818182
"581",3,-84.3644522222222,33.7721181818182
"582",3,-84.4067373737374,33.7726918181818
"583",3,-84.3828370707071,33.7726918181818
"584",3,-84.3644522222222,33.7726918181818
"585",3,-84.4067373737374,33.7732654545455
"586",3,-84.3834498989899,33.7732654545455
"587",3,-84.3644522222222,33.7732654545455
"588",3,-84.4067373737374,33.7738390909091
"589",3,-84.3834498989899,33.7738390909091
"590",3,-84.3644522222222,33.7738390909091
"591",3,-84.4067373737374,33.7744127272727
"592",3,-84.3840627272727,33.7744127272727
"593",3,-84.3644522222222,33.7744127272727
"594",3,-84.4067373737374,33.7749863636364
"595",3,-84.3840627272727,33.7749863636364
"596",3,-84.3644522222222,33.7749863636364
"597",3,-84.4067373737374,33.77556
"598",3,-84.3840627272727,33.77556
"599",3,-84.3644522222222,33.77556
"600",3,-84.4067373737374,33.7761336363636
"601",3,-84.3846755555556,33.7761336363636
"602",3,-84.3644522222222,33.7761336363636
"603",3,-84.4067373737374,33.7767072727273
"604",3,-84.3846755555556,33.7767072727273
"605",3,-84.365065050505,33.7767072727273
"606",3,-84.4067373737374,33.7772809090909
"607",3,-84.3846755555556,33.7772809090909
"608",3,-84.365065050505,33.7772809090909
"609",3,-84.4067373737374,33.7778545454545
"610",3,-84.3846755555556,33.7778545454545
"611",3,-84.3656778787879,33.7778545454545
"612",3,-84.4067373737374,33.7784281818182
"613",3,-84.3846755555556,33.7784281818182
"614",3,-84.3669035353535,33.7784281818182
"615",3,-84.4061245454545,33.7790018181818
"616",3,-84.3999962626263,33.7790018181818
"617",3,-84.3846755555556,33.7790018181818
"618",3,-84.3681291919192,33.7790018181818
"619",3,-84.3564854545455,33.7790018181818
"620",3,-84.4061245454545,33.7795754545455
"621",3,-84.3993834343434,33.7795754545455
"622",3,-84.3846755555556,33.7795754545455
"623",3,-84.3693548484848,33.7795754545455
"624",3,-84.3558726262626,33.7795754545455
"625",3,-84.3993834343434,33.7801490909091
"626",3,-84.3840627272727,33.7801490909091
"627",3,-84.3699676767677,33.7801490909091
"628",3,-84.3558726262626,33.7801490909091
"629",3,-84.3987706060606,33.7807227272727
"630",3,-84.3840627272727,33.7807227272727
"631",3,-84.3699676767677,33.7807227272727
"632",3,-84.3552597979798,33.7807227272727
"633",3,-84.3987706060606,33.7812963636364
"634",3,-84.3840627272727,33.7812963636364
"635",3,-84.3705805050505,33.7812963636364
"636",3,-84.3552597979798,33.7812963636364
"637",3,-84.3987706060606,33.78187
"638",3,-84.3840627272727,33.78187
"639",3,-84.3705805050505,33.78187
"640",3,-84.3552597979798,33.78187
"641",3,-84.3981577777778,33.7824436363636
"642",3,-84.3840627272727,33.7824436363636
"643",3,-84.3705805050505,33.7824436363636
"644",3,-84.3552597979798,33.7824436363636
"645",3,-84.3981577777778,33.7830172727273
"646",3,-84.3840627272727,33.7830172727273
"647",3,-84.3711933333333,33.7830172727273
"648",3,-84.3552597979798,33.7830172727273
"649",3,-84.3840627272727,33.7835909090909
"650",3,-84.3711933333333,33.7835909090909
"651",3,-84.3552597979798,33.7835909090909
"652",3,-84.3846755555556,33.7841645454546
"653",3,-84.3711933333333,33.7841645454546
"654",3,-84.3552597979798,33.7841645454546
"655",3,-84.3846755555556,33.7847381818182
"656",3,-84.3711933333333,33.7847381818182
"657",3,-84.3552597979798,33.7847381818182
"658",3,-84.3846755555556,33.7853118181818
"659",3,-84.3711933333333,33.7853118181818
"660",3,-84.3552597979798,33.7853118181818
"661",3,-84.3846755555556,33.7858854545455
"662",3,-84.3699676767677,33.7858854545455
"663",3,-84.3552597979798,33.7858854545455
"664",3,-84.3846755555556,33.7864590909091
"665",3,-84.3693548484848,33.7864590909091
"666",3,-84.3552597979798,33.7864590909091
"667",3,-84.3852883838384,33.7870327272727
"668",3,-84.368742020202,33.7870327272727
"669",3,-84.354646969697,33.7870327272727
"670",3,-84.3852883838384,33.7876063636364
"671",3,-84.368742020202,33.7876063636364
"672",3,-84.354646969697,33.7876063636364
"673",3,-84.3852883838384,33.78818
"674",3,-84.368742020202,33.78818
"675",3,-84.354646969697,33.78818
"676",3,-84.3859012121212,33.7887536363636
"677",3,-84.368742020202,33.7887536363636
"678",3,-84.354646969697,33.7887536363636
"679",3,-84.3859012121212,33.7893272727273
"680",3,-84.3693548484848,33.7893272727273
"681",3,-84.354646969697,33.7893272727273
"682",3,-84.3859012121212,33.7899009090909
"683",3,-84.3693548484848,33.7899009090909
"684",3,-84.3540341414141,33.7899009090909
"685",3,-84.386514040404,33.7904745454546
"686",3,-84.3699676767677,33.7904745454546
"687",3,-84.3540341414141,33.7904745454546
"688",3,-84.386514040404,33.7910481818182
"689",3,-84.3699676767677,33.7910481818182
"690",3,-84.3534213131313,33.7910481818182
"691",3,-84.386514040404,33.7916218181818
"692",3,-84.3699676767677,33.7916218181818
"693",3,-84.3534213131313,33.7916218181818
"694",3,-84.386514040404,33.7921954545455
"695",3,-84.3699676767677,33.7921954545455
"696",3,-84.3528084848485,33.7921954545455
"697",3,-84.386514040404,33.7927690909091
"698",3,-84.3699676767677,33.7927690909091
"699",3,-84.3528084848485,33.7927690909091
"700",3,-84.386514040404,33.7933427272727
"701",3,-84.3699676767677,33.7933427272727
"702",3,-84.3528084848485,33.7933427272727
"703",3,-84.386514040404,33.7939163636364
"704",3,-84.3699676767677,33.7939163636364
"705",3,-84.3528084848485,33.7939163636364
"706",3,-84.386514040404,33.79449
"707",3,-84.3699676767677,33.79449
"708",3,-84.3528084848485,33.79449
"709",3,-84.386514040404,33.7950636363636
"710",3,-84.3699676767677,33.7950636363636
"711",3,-84.3528084848485,33.7950636363636
"712",3,-84.386514040404,33.7956372727273
"713",3,-84.3699676767677,33.7956372727273
"714",3,-84.3534213131313,33.7956372727273
"715",3,-84.386514040404,33.7962109090909
"716",3,-84.3699676767677,33.7962109090909
"717",3,-84.3534213131313,33.7962109090909
"718",3,-84.386514040404,33.7967845454545
"719",3,-84.3699676767677,33.7967845454545
"720",3,-84.3534213131313,33.7967845454545
"721",3,-84.386514040404,33.7973581818182
"722",3,-84.3699676767677,33.7973581818182
"723",3,-84.3534213131313,33.7973581818182
"724",3,-84.386514040404,33.7979318181818
"725",3,-84.3699676767677,33.7979318181818
"726",3,-84.3534213131313,33.7979318181818
"727",3,-84.3859012121212,33.7985054545455
"728",3,-84.3699676767677,33.7985054545455
"729",3,-84.3534213131313,33.7985054545455
"730",3,-84.3859012121212,33.7990790909091
"731",3,-84.3699676767677,33.7990790909091
"732",3,-84.3534213131313,33.7990790909091
"733",3,-84.3859012121212,33.7996527272727
"734",3,-84.3699676767677,33.7996527272727
"735",3,-84.3540341414141,33.7996527272727
"736",3,-84.3852883838384,33.8002263636364
"737",3,-84.3699676767677,33.8002263636364
"738",3,-84.3540341414141,33.8002263636364
"739",3,-84.3699676767677,33.8008
"740",3,-84.3540341414141,33.8008
"741",4,-84.4490118181818,33.70489
"742",4,-84.4209481818182,33.70489
"743",4,-84.4490118181818,33.7055995959596
"744",4,-84.4209481818182,33.7055995959596
"745",4,-84.4490118181818,33.7063091919192
"746",4,-84.4209481818182,33.7063091919192
"747",4,-84.4490118181818,33.7070187878788
"748",4,-84.4209481818182,33.7070187878788
"749",4,-84.4483436363636,33.7077283838384
"750",4,-84.4209481818182,33.7077283838384
"751",4,-84.4483436363636,33.708437979798
"752",4,-84.4209481818182,33.708437979798
"753",4,-84.4483436363636,33.7091475757576
"754",4,-84.4209481818182,33.7091475757576
"755",4,-84.4483436363636,33.7098571717172
"756",4,-84.42028,33.7098571717172
"757",4,-84.4483436363636,33.7105667676768
"758",4,-84.42028,33.7105667676768
"759",4,-84.4483436363636,33.7112763636364
"760",4,-84.4369845454545,33.7112763636364
"761",4,-84.42028,33.7112763636364
"762",4,-84.4476754545455,33.711985959596
"763",4,-84.4363163636364,33.711985959596
"764",4,-84.42028,33.711985959596
"765",4,-84.4476754545455,33.7126955555556
"766",4,-84.4356481818182,33.7126955555556
"767",4,-84.42028,33.7126955555556
"768",4,-84.4470072727273,33.7134051515152
"769",4,-84.43498,33.7134051515152
"770",4,-84.42028,33.7134051515152
"771",4,-84.4343118181818,33.7141147474747
"772",4,-84.42028,33.7141147474747
"773",4,-84.4336436363636,33.7148243434343
"774",4,-84.4196118181818,33.7148243434343
"775",4,-84.4329754545455,33.7155339393939
"776",4,-84.4249572727273,33.7155339393939
"777",4,-84.4196118181818,33.7155339393939
"778",4,-84.4316390909091,33.7162435353535
"779",4,-84.4189436363636,33.7162435353535
"780",4,-84.4309709090909,33.7169531313131
"781",4,-84.4182754545455,33.7169531313131
"782",4,-84.4303027272727,33.7176627272727
"783",4,-84.4176072727273,33.7176627272727
"784",4,-84.4289663636364,33.7183723232323
"785",4,-84.4176072727273,33.7183723232323
"786",4,-84.4597027272727,33.7190819191919
"787",4,-84.4282981818182,33.7190819191919
"788",4,-84.4603709090909,33.7197915151515
"789",4,-84.4269618181818,33.7197915151515
"790",4,-84.4610390909091,33.7205011111111
"791",4,-84.4262936363636,33.7205011111111
"792",4,-84.4610390909091,33.7212107070707
"793",4,-84.4256254545455,33.7212107070707
"794",4,-84.4610390909091,33.7219203030303
"795",4,-84.4249572727273,33.7219203030303
"796",4,-84.4617072727273,33.7226298989899
"797",4,-84.4249572727273,33.7226298989899
"798",4,-84.4617072727273,33.7233394949495
"799",4,-84.4242890909091,33.7233394949495
"800",4,-84.4617072727273,33.7240490909091
"801",4,-84.4236209090909,33.7240490909091
"802",4,-84.4617072727273,33.7247586868687
"803",4,-84.4229527272727,33.7247586868687
"804",4,-84.4617072727273,33.7254682828283
"805",4,-84.4229527272727,33.7254682828283
"806",4,-84.4617072727273,33.7261778787879
"807",4,-84.4222845454545,33.7261778787879
"808",4,-84.4617072727273,33.7268874747475
"809",4,-84.4222845454545,33.7268874747475
"810",4,-84.4617072727273,33.7275970707071
"811",4,-84.4222845454545,33.7275970707071
"812",4,-84.4617072727273,33.7283066666667
"813",4,-84.4216163636364,33.7283066666667
"814",4,-84.4610390909091,33.7290162626263
"815",4,-84.4209481818182,33.7290162626263
"816",4,-84.4610390909091,33.7297258585859
"817",4,-84.42028,33.7297258585859
"818",4,-84.4610390909091,33.7304354545455
"819",4,-84.4309709090909,33.7304354545455
"820",4,-84.4196118181818,33.7304354545455
"821",4,-84.4603709090909,33.731145050505
"822",4,-84.4323072727273,33.731145050505
"823",4,-84.4182754545455,33.731145050505
"824",4,-84.4597027272727,33.7318546464646
"825",4,-84.4323072727273,33.7318546464646
"826",4,-84.4182754545455,33.7318546464646
"827",4,-84.4590345454546,33.7325642424242
"828",4,-84.4329754545455,33.7325642424242
"829",4,-84.4176072727273,33.7325642424242
"830",4,-84.4329754545455,33.7332738383838
"831",4,-84.4176072727273,33.7332738383838
"832",4,-84.4329754545455,33.7339834343434
"833",4,-84.4176072727273,33.7339834343434
"834",4,-84.4329754545455,33.734693030303
"835",4,-84.4176072727273,33.734693030303
"836",4,-84.4329754545455,33.7354026262626
"837",4,-84.4176072727273,33.7354026262626
"838",4,-84.4069163636364,33.7354026262626
"839",4,-84.4329754545455,33.7361122222222
"840",4,-84.4176072727273,33.7361122222222
"841",4,-84.40558,33.7361122222222
"842",4,-84.4329754545455,33.7368218181818
"843",4,-84.4176072727273,33.7368218181818
"844",4,-84.40558,33.7368218181818
"845",4,-84.4329754545455,33.7375314141414
"846",4,-84.4176072727273,33.7375314141414
"847",4,-84.4049118181818,33.7375314141414
"848",4,-84.4329754545455,33.738241010101
"849",4,-84.4176072727273,33.738241010101
"850",4,-84.4049118181818,33.738241010101
"851",4,-84.4329754545455,33.7389506060606
"852",4,-84.4176072727273,33.7389506060606
"853",4,-84.4042436363636,33.7389506060606
"854",4,-84.4329754545455,33.7396602020202
"855",4,-84.4176072727273,33.7396602020202
"856",4,-84.4042436363636,33.7396602020202
"857",4,-84.4329754545455,33.7403697979798
"858",4,-84.4176072727273,33.7403697979798
"859",4,-84.4042436363636,33.7403697979798
"860",4,-84.4323072727273,33.7410793939394
"861",4,-84.4182754545455,33.7410793939394
"862",4,-84.4042436363636,33.7410793939394
"863",4,-84.4323072727273,33.741788989899
"864",4,-84.4182754545455,33.741788989899
"865",4,-84.4042436363636,33.741788989899
"866",4,-84.4323072727273,33.7424985858586
"867",4,-84.4182754545455,33.7424985858586
"868",4,-84.4042436363636,33.7424985858586
"869",4,-84.4323072727273,33.7432081818182
"870",4,-84.4182754545455,33.7432081818182
"871",4,-84.4042436363636,33.7432081818182
"872",4,-84.4316390909091,33.7439177777778
"873",4,-84.4189436363636,33.7439177777778
"874",4,-84.4042436363636,33.7439177777778
"875",4,-84.4189436363636,33.7446273737374
"876",4,-84.4042436363636,33.7446273737374
"877",4,-84.4196118181818,33.745336969697
"878",4,-84.4035754545454,33.745336969697
"879",4,-84.4196118181818,33.7460465656566
"880",4,-84.4035754545454,33.7460465656566
"881",4,-84.4196118181818,33.7467561616162
"882",4,-84.4035754545454,33.7467561616162
"883",4,-84.4369845454545,33.7474657575758
"884",4,-84.4196118181818,33.7474657575758
"885",4,-84.4035754545454,33.7474657575758
"886",4,-84.4376527272727,33.7481753535354
"887",4,-84.4196118181818,33.7481753535354
"888",4,-84.4035754545454,33.7481753535354
"889",4,-84.4376527272727,33.748884949495
"890",4,-84.4189436363636,33.748884949495
"891",4,-84.4035754545454,33.748884949495
"892",4,-84.4376527272727,33.7495945454545
"893",4,-84.4182754545455,33.7495945454545
"894",4,-84.4035754545454,33.7495945454545
"895",4,-84.4376527272727,33.7503041414141
"896",4,-84.4176072727273,33.7503041414141
"897",4,-84.4035754545454,33.7503041414141
"898",4,-84.4376527272727,33.7510137373737
"899",4,-84.4169390909091,33.7510137373737
"900",4,-84.4035754545454,33.7510137373737
"901",4,-84.4376527272727,33.7517233333333
"902",4,-84.4169390909091,33.7517233333333
"903",4,-84.4035754545454,33.7517233333333
"904",4,-84.4162709090909,33.7524329292929
"905",4,-84.4035754545454,33.7524329292929
"906",4,-84.4476754545455,33.7531425252525
"907",4,-84.4162709090909,33.7531425252525
"908",4,-84.4035754545454,33.7531425252525
"909",4,-84.4476754545455,33.7538521212121
"910",4,-84.4162709090909,33.7538521212121
"911",4,-84.4042436363636,33.7538521212121
"912",4,-84.4476754545455,33.7545617171717
"913",4,-84.4156027272727,33.7545617171717
"914",4,-84.4049118181818,33.7545617171717
"915",4,-84.4476754545455,33.7552713131313
"916",4,-84.4343118181818,33.7552713131313
"917",4,-84.4156027272727,33.7552713131313
"918",4,-84.4476754545455,33.7559809090909
"919",4,-84.43498,33.7559809090909
"920",4,-84.4156027272727,33.7559809090909
"921",4,-84.4476754545455,33.7566905050505
"922",4,-84.43498,33.7566905050505
"923",4,-84.4156027272727,33.7566905050505
"924",4,-84.43498,33.7574001010101
"925",4,-84.4156027272727,33.7574001010101
"926",4,-84.43498,33.7581096969697
"927",4,-84.4156027272727,33.7581096969697
"928",4,-84.4343118181818,33.7588192929293
"929",4,-84.4156027272727,33.7588192929293
"930",4,-84.4343118181818,33.7595288888889
"931",4,-84.4156027272727,33.7595288888889
"932",4,-84.4336436363636,33.7602384848485
"933",4,-84.4156027272727,33.7602384848485
"934",4,-84.4336436363636,33.7609480808081
"935",4,-84.4156027272727,33.7609480808081
"936",4,-84.4329754545455,33.7616576767677
"937",4,-84.4156027272727,33.7616576767677
"938",4,-84.4329754545455,33.7623672727273
"939",4,-84.4156027272727,33.7623672727273
"940",4,-84.4329754545455,33.7630768686869
"941",4,-84.4156027272727,33.7630768686869
"942",4,-84.4329754545455,33.7637864646465
"943",4,-84.4156027272727,33.7637864646465
"944",4,-84.4329754545455,33.7644960606061
"945",4,-84.4156027272727,33.7644960606061
"946",4,-84.4329754545455,33.7652056565657
"947",4,-84.4156027272727,33.7652056565657
"948",4,-84.4329754545455,33.7659152525253
"949",4,-84.4156027272727,33.7659152525253
"950",4,-84.4336436363636,33.7666248484848
"951",4,-84.4156027272727,33.7666248484848
"952",4,-84.4336436363636,33.7673344444444
"953",4,-84.4156027272727,33.7673344444444
"954",4,-84.4336436363636,33.768044040404
"955",4,-84.4156027272727,33.768044040404
"956",4,-84.4336436363636,33.7687536363636
"957",4,-84.4156027272727,33.7687536363636
"958",4,-84.4343118181818,33.7694632323232
"959",4,-84.4162709090909,33.7694632323232
"960",4,-84.4343118181818,33.7701728282828
"961",4,-84.4162709090909,33.7701728282828
"962",4,-84.4343118181818,33.7708824242424
"963",4,-84.4162709090909,33.7708824242424
"964",4,-84.4343118181818,33.771592020202
"965",4,-84.4162709090909,33.771592020202
"966",4,-84.4343118181818,33.7723016161616
"967",4,-84.4169390909091,33.7723016161616
"968",4,-84.4343118181818,33.7730112121212
"969",4,-84.4169390909091,33.7730112121212
"970",4,-84.4336436363636,33.7737208080808
"971",4,-84.4169390909091,33.7737208080808
"972",4,-84.4336436363636,33.7744304040404
"973",4,-84.4176072727273,33.7744304040404
"974",4,-84.4336436363636,33.77514
"975",4,-84.4176072727273,33.77514
"976",5,-84.5094665656566,33.63977
"977",5,-84.4634851515152,33.63977
"978",5,-84.5094665656566,33.6407212121212
"979",5,-84.4634851515152,33.6407212121212
"980",5,-84.5094665656566,33.6416724242424
"981",5,-84.4634851515152,33.6416724242424
"982",5,-84.5104661616162,33.6426236363636
"983",5,-84.4634851515152,33.6426236363636
"984",5,-84.5104661616162,33.6435748484848
"985",5,-84.4634851515152,33.6435748484848
"986",5,-84.5104661616162,33.6445260606061
"987",5,-84.4634851515152,33.6445260606061
"988",5,-84.5104661616162,33.6454772727273
"989",5,-84.4634851515152,33.6454772727273
"990",5,-84.5104661616162,33.6464284848485
"991",5,-84.4634851515152,33.6464284848485
"992",5,-84.5104661616162,33.6473796969697
"993",5,-84.4634851515152,33.6473796969697
"994",5,-84.5104661616162,33.6483309090909
"995",5,-84.4634851515152,33.6483309090909
"996",5,-84.5104661616162,33.6492821212121
"997",5,-84.4634851515152,33.6492821212121
"998",5,-84.5104661616162,33.6502333333333
"999",5,-84.4634851515152,33.6502333333333
"1000",5,-84.5104661616162,33.6511845454545
"1001",5,-84.4634851515152,33.6511845454545
"1002",5,-84.5104661616162,33.6521357575758
"1003",5,-84.4634851515152,33.6521357575758
"1004",5,-84.5104661616162,33.653086969697
"1005",5,-84.4634851515152,33.653086969697
"1006",5,-84.5104661616162,33.6540381818182
"1007",5,-84.4634851515152,33.6540381818182
"1008",5,-84.5104661616162,33.6549893939394
"1009",5,-84.4634851515152,33.6549893939394
"1010",5,-84.5104661616162,33.6559406060606
"1011",5,-84.4634851515152,33.6559406060606
"1012",5,-84.5104661616162,33.6568918181818
"1013",5,-84.4634851515152,33.6568918181818
"1014",5,-84.5104661616162,33.657843030303
"1015",5,-84.4634851515152,33.657843030303
"1016",5,-84.5104661616162,33.6587942424242
"1017",5,-84.5114657575758,33.6597454545455
"1018",5,-84.5114657575758,33.6606966666667
"1019",5,-84.5124653535354,33.6616478787879
"1020",5,-84.5124653535354,33.6625990909091
"1021",5,-84.5144645454545,33.6635503030303
"1022",5,-84.5154641414141,33.6645015151515
"1023",5,-84.5164637373737,33.6654527272727
"1024",5,-84.5164637373737,33.6664039393939
"1025",5,-84.5154641414141,33.6673551515152
"1026",5,-84.5004702020202,33.6683063636364
"1027",5,-84.5004702020202,33.6692575757576
"1028",5,-84.5004702020202,33.6702087878788
"1029",5,-84.5004702020202,33.67116
"1030",5,-84.5004702020202,33.6721112121212
"1031",5,-84.5004702020202,33.6730624242424
"1032",5,-84.4994706060606,33.6740136363636
"1033",5,-84.4994706060606,33.6749648484848
"1034",5,-84.498471010101,33.6759160606061
"1035",5,-84.5354560606061,33.6768672727273
"1036",5,-84.498471010101,33.6768672727273
"1037",5,-84.5364556565656,33.6778184848485
"1038",5,-84.4974714141414,33.6778184848485
"1039",5,-84.5364556565656,33.6787696969697
"1040",5,-84.4974714141414,33.6787696969697
"1041",5,-84.5364556565656,33.6797209090909
"1042",5,-84.4974714141414,33.6797209090909
"1043",5,-84.5364556565656,33.6806721212121
"1044",5,-84.4974714141414,33.6806721212121
"1045",5,-84.5364556565656,33.6816233333333
"1046",5,-84.4974714141414,33.6816233333333
"1047",5,-84.5364556565656,33.6825745454545
"1048",5,-84.4974714141414,33.6825745454545
"1049",5,-84.5364556565656,33.6835257575758
"1050",5,-84.4974714141414,33.6835257575758
"1051",5,-84.5354560606061,33.684476969697
"1052",5,-84.4964718181818,33.684476969697
"1053",5,-84.4574875757576,33.684476969697
"1054",5,-84.5354560606061,33.6854281818182
"1055",5,-84.4964718181818,33.6854281818182
"1056",5,-84.456487979798,33.6854281818182
"1057",5,-84.5344564646465,33.6863793939394
"1058",5,-84.4954722222222,33.6863793939394
"1059",5,-84.456487979798,33.6863793939394
"1060",5,-84.5334568686869,33.6873306060606
"1061",5,-84.4954722222222,33.6873306060606
"1062",5,-84.456487979798,33.6873306060606
"1063",5,-84.4944726262626,33.6882818181818
"1064",5,-84.456487979798,33.6882818181818
"1065",5,-84.493473030303,33.689233030303
"1066",5,-84.456487979798,33.689233030303
"1067",5,-84.4924734343434,33.6901842424242
"1068",5,-84.456487979798,33.6901842424242
"1069",5,-84.513464949495,33.6911354545455
"1070",5,-84.4924734343434,33.6911354545455
"1071",5,-84.4574875757576,33.6911354545455
"1072",5,-84.5154641414141,33.6920866666667
"1073",5,-84.4914738383838,33.6920866666667
"1074",5,-84.4574875757576,33.6920866666667
"1075",5,-84.5164637373737,33.6930378787879
"1076",5,-84.4904742424242,33.6930378787879
"1077",5,-84.4574875757576,33.6930378787879
"1078",5,-84.5164637373737,33.6939890909091
"1079",5,-84.4904742424242,33.6939890909091
"1080",5,-84.4574875757576,33.6939890909091
"1081",5,-84.5174633333333,33.6949403030303
"1082",5,-84.4894746464646,33.6949403030303
"1083",5,-84.4574875757576,33.6949403030303
"1084",5,-84.5174633333333,33.6958915151515
"1085",5,-84.4884750505051,33.6958915151515
"1086",5,-84.4574875757576,33.6958915151515
"1087",5,-84.5174633333333,33.6968427272727
"1088",5,-84.4874754545455,33.6968427272727
"1089",5,-84.4574875757576,33.6968427272727
"1090",5,-84.5174633333333,33.6977939393939
"1091",5,-84.4864758585859,33.6977939393939
"1092",5,-84.4574875757576,33.6977939393939
"1093",5,-84.5174633333333,33.6987451515151
"1094",5,-84.4864758585859,33.6987451515151
"1095",5,-84.4574875757576,33.6987451515151
"1096",5,-84.5164637373737,33.6996963636364
"1097",5,-84.4854762626263,33.6996963636364
"1098",5,-84.4574875757576,33.6996963636364
"1099",5,-84.5354560606061,33.7006475757576
"1100",5,-84.4854762626263,33.7006475757576
"1101",5,-84.4574875757576,33.7006475757576
"1102",5,-84.5374552525252,33.7015987878788
"1103",5,-84.4844766666667,33.7015987878788
"1104",5,-84.4574875757576,33.7015987878788
"1105",5,-84.5394544444444,33.70255
"1106",5,-84.4844766666667,33.70255
"1107",5,-84.4574875757576,33.70255
"1108",5,-84.5394544444444,33.7035012121212
"1109",5,-84.4844766666667,33.7035012121212
"1110",5,-84.4574875757576,33.7035012121212
"1111",5,-84.540454040404,33.7044524242424
"1112",5,-84.4844766666667,33.7044524242424
"1113",5,-84.4574875757576,33.7044524242424
"1114",5,-84.540454040404,33.7054036363636
"1115",5,-84.4844766666667,33.7054036363636
"1116",5,-84.4574875757576,33.7054036363636
"1117",5,-84.540454040404,33.7063548484848
"1118",5,-84.4844766666667,33.7063548484848
"1119",5,-84.4574875757576,33.7063548484848
"1120",5,-84.5394544444444,33.7073060606061
"1121",5,-84.4844766666667,33.7073060606061
"1122",5,-84.4574875757576,33.7073060606061
"1123",5,-84.5324572727273,33.7082572727273
"1124",5,-84.4844766666667,33.7082572727273
"1125",5,-84.4574875757576,33.7082572727273
"1126",5,-84.5284588888889,33.7092084848485
"1127",5,-84.4844766666667,33.7092084848485
"1128",5,-84.4574875757576,33.7092084848485
"1129",5,-84.5264596969697,33.7101596969697
"1130",5,-84.4834770707071,33.7101596969697
"1131",5,-84.4584871717172,33.7101596969697
"1132",5,-84.5244605050505,33.7111109090909
"1133",5,-84.4834770707071,33.7111109090909
"1134",5,-84.4584871717172,33.7111109090909
"1135",5,-84.5244605050505,33.7120621212121
"1136",5,-84.4834770707071,33.7120621212121
"1137",5,-84.4594867676768,33.7120621212121
"1138",5,-84.5234609090909,33.7130133333333
"1139",5,-84.4834770707071,33.7130133333333
"1140",5,-84.461485959596,33.7130133333333
"1141",5,-84.5234609090909,33.7139645454545
"1142",5,-84.4824774747475,33.7139645454545
"1143",5,-84.4634851515152,33.7139645454545
"1144",5,-84.5234609090909,33.7149157575758
"1145",5,-84.4644847474748,33.7149157575758
"1146",5,-84.5234609090909,33.715866969697
"1147",5,-84.4644847474748,33.715866969697
"1148",5,-84.5234609090909,33.7168181818182
"1149",5,-84.4654843434344,33.7168181818182
"1150",5,-84.5234609090909,33.7177693939394
"1151",5,-84.4654843434344,33.7177693939394
"1152",5,-84.5234609090909,33.7187206060606
"1153",5,-84.4654843434344,33.7187206060606
"1154",5,-84.5234609090909,33.7196718181818
"1155",5,-84.4654843434344,33.7196718181818
"1156",5,-84.5234609090909,33.720623030303
"1157",5,-84.4654843434344,33.720623030303
"1158",5,-84.5234609090909,33.7215742424242
"1159",5,-84.4654843434344,33.7215742424242
"1160",5,-84.5434528282828,33.7225254545455
"1161",5,-84.5234609090909,33.7225254545455
"1162",5,-84.4664839393939,33.7225254545455
"1163",5,-84.5434528282828,33.7234766666667
"1164",5,-84.5234609090909,33.7234766666667
"1165",5,-84.4664839393939,33.7234766666667
"1166",5,-84.5434528282828,33.7244278787879
"1167",5,-84.5234609090909,33.7244278787879
"1168",5,-84.4664839393939,33.7244278787879
"1169",5,-84.5424532323232,33.7253790909091
"1170",5,-84.5234609090909,33.7253790909091
"1171",5,-84.4664839393939,33.7253790909091
"1172",5,-84.5414536363636,33.7263303030303
"1173",5,-84.5124653535354,33.7263303030303
"1174",5,-84.4674835353535,33.7263303030303
"1175",5,-84.540454040404,33.7272815151515
"1176",5,-84.5114657575758,33.7272815151515
"1177",5,-84.4804782828283,33.7272815151515
"1178",5,-84.4684831313131,33.7272815151515
"1179",5,-84.5394544444444,33.7282327272727
"1180",5,-84.5114657575758,33.7282327272727
"1181",5,-84.4814778787879,33.7282327272727
"1182",5,-84.4694827272727,33.7282327272727
"1183",5,-84.5384548484848,33.7291839393939
"1184",5,-84.5114657575758,33.7291839393939
"1185",5,-84.4824774747475,33.7291839393939
"1186",5,-84.5374552525252,33.7301351515151
"1187",5,-84.5114657575758,33.7301351515151
"1188",5,-84.4834770707071,33.7301351515151
"1189",5,-84.5374552525252,33.7310863636364
"1190",5,-84.5114657575758,33.7310863636364
"1191",5,-84.4834770707071,33.7310863636364
"1192",5,-84.5374552525252,33.7320375757576
"1193",5,-84.5114657575758,33.7320375757576
"1194",5,-84.4844766666667,33.7320375757576
"1195",5,-84.5364556565656,33.7329887878788
"1196",5,-84.5114657575758,33.7329887878788
"1197",5,-84.4844766666667,33.7329887878788
"1198",5,-84.5364556565656,33.73394
"1199",5,-84.5114657575758,33.73394
"1200",5,-84.4854762626263,33.73394
"1201",6,-84.5094837373737,33.72994
"1202",6,-84.4914298989899,33.72994
"1203",6,-84.4705254545455,33.72994
"1204",6,-84.5094837373737,33.7308487878788
"1205",6,-84.4914298989899,33.7308487878788
"1206",6,-84.4705254545455,33.7308487878788
"1207",6,-84.5094837373737,33.7317575757576
"1208",6,-84.4914298989899,33.7317575757576
"1209",6,-84.4705254545455,33.7317575757576
"1210",6,-84.5094837373737,33.7326663636364
"1211",6,-84.4914298989899,33.7326663636364
"1212",6,-84.4705254545455,33.7326663636364
"1213",6,-84.5094837373737,33.7335751515151
"1214",6,-84.4914298989899,33.7335751515151
"1215",6,-84.4714756565657,33.7335751515151
"1216",6,-84.5094837373737,33.7344839393939
"1217",6,-84.4914298989899,33.7344839393939
"1218",6,-84.4714756565657,33.7344839393939
"1219",6,-84.5094837373737,33.7353927272727
"1220",6,-84.4914298989899,33.7353927272727
"1221",6,-84.4724258585859,33.7353927272727
"1222",6,-84.5094837373737,33.7363015151515
"1223",6,-84.4914298989899,33.7363015151515
"1224",6,-84.4724258585859,33.7363015151515
"1225",6,-84.5094837373737,33.7372103030303
"1226",6,-84.4923801010101,33.7372103030303
"1227",6,-84.4733760606061,33.7372103030303
"1228",6,-84.5094837373737,33.7381190909091
"1229",6,-84.4923801010101,33.7381190909091
"1230",6,-84.4733760606061,33.7381190909091
"1231",6,-84.5094837373737,33.7390278787879
"1232",6,-84.4933303030303,33.7390278787879
"1233",6,-84.4733760606061,33.7390278787879
"1234",6,-84.5094837373737,33.7399366666667
"1235",6,-84.4733760606061,33.7399366666667
"1236",6,-84.5085335353535,33.7408454545455
"1237",6,-84.4724258585859,33.7408454545455
"1238",6,-84.5085335353535,33.7417542424242
"1239",6,-84.4714756565657,33.7417542424242
"1240",6,-84.5085335353535,33.742663030303
"1241",6,-84.4695752525252,33.742663030303
"1242",6,-84.5085335353535,33.7435718181818
"1243",6,-84.468625050505,33.7435718181818
"1244",6,-84.5085335353535,33.7444806060606
"1245",6,-84.4676748484848,33.7444806060606
"1246",6,-84.5085335353535,33.7453893939394
"1247",6,-84.4676748484848,33.7453893939394
"1248",6,-84.5085335353535,33.7462981818182
"1249",6,-84.4923801010101,33.7462981818182
"1250",6,-84.4676748484848,33.7462981818182
"1251",6,-84.5085335353535,33.747206969697
"1252",6,-84.4914298989899,33.747206969697
"1253",6,-84.4676748484848,33.747206969697
"1254",6,-84.5075833333333,33.7481157575758
"1255",6,-84.4904796969697,33.7481157575758
"1256",6,-84.4676748484848,33.7481157575758
"1257",6,-84.5066331313131,33.7490245454545
"1258",6,-84.4904796969697,33.7490245454545
"1259",6,-84.4676748484848,33.7490245454545
"1260",6,-84.4895294949495,33.7499333333333
"1261",6,-84.468625050505,33.7499333333333
"1262",6,-84.4895294949495,33.7508421212121
"1263",6,-84.468625050505,33.7508421212121
"1264",6,-84.4895294949495,33.7517509090909
"1265",6,-84.468625050505,33.7517509090909
"1266",6,-84.4895294949495,33.7526596969697
"1267",6,-84.468625050505,33.7526596969697
"1268",6,-84.4895294949495,33.7535684848485
"1269",6,-84.468625050505,33.7535684848485
"1270",6,-84.4885792929293,33.7544772727273
"1271",6,-84.468625050505,33.7544772727273
"1272",6,-84.4885792929293,33.7553860606061
"1273",6,-84.468625050505,33.7553860606061
"1274",6,-84.5009319191919,33.7562948484848
"1275",6,-84.4885792929293,33.7562948484848
"1276",6,-84.468625050505,33.7562948484848
"1277",6,-84.5028323232323,33.7572036363636
"1278",6,-84.4885792929293,33.7572036363636
"1279",6,-84.468625050505,33.7572036363636
"1280",6,-84.5028323232323,33.7581124242424
"1281",6,-84.4885792929293,33.7581124242424
"1282",6,-84.4676748484848,33.7581124242424
"1283",6,-84.5037825252525,33.7590212121212
"1284",6,-84.4876290909091,33.7590212121212
"1285",6,-84.4667246464646,33.7590212121212
"1286",6,-84.5037825252525,33.75993
"1287",6,-84.4876290909091,33.75993
"1288",6,-84.459123030303,33.75993
"1289",6,-84.5037825252525,33.7608387878788
"1290",6,-84.4866788888889,33.7608387878788
"1291",6,-84.4572226262626,33.7608387878788
"1292",6,-84.5047327272727,33.7617475757576
"1293",6,-84.4857286868687,33.7617475757576
"1294",6,-84.4562724242424,33.7617475757576
"1295",6,-84.5047327272727,33.7626563636364
"1296",6,-84.4847784848485,33.7626563636364
"1297",6,-84.4562724242424,33.7626563636364
"1298",6,-84.5047327272727,33.7635651515152
"1299",6,-84.4838282828283,33.7635651515152
"1300",6,-84.4553222222222,33.7635651515152
"1301",6,-84.5047327272727,33.7644739393939
"1302",6,-84.4828780808081,33.7644739393939
"1303",6,-84.4553222222222,33.7644739393939
"1304",6,-84.5047327272727,33.7653827272727
"1305",6,-84.454372020202,33.7653827272727
"1306",6,-84.5047327272727,33.7662915151515
"1307",6,-84.454372020202,33.7662915151515
"1308",6,-84.5056829292929,33.7672003030303
"1309",6,-84.468625050505,33.7672003030303
"1310",6,-84.454372020202,33.7672003030303
"1311",6,-84.5056829292929,33.7681090909091
"1312",6,-84.4695752525252,33.7681090909091
"1313",6,-84.4534218181818,33.7681090909091
"1314",6,-84.5056829292929,33.7690178787879
"1315",6,-84.4695752525252,33.7690178787879
"1316",6,-84.4534218181818,33.7690178787879
"1317",6,-84.5056829292929,33.7699266666667
"1318",6,-84.4695752525252,33.7699266666667
"1319",6,-84.4534218181818,33.7699266666667
"1320",6,-84.5056829292929,33.7708354545455
"1321",6,-84.4695752525252,33.7708354545455
"1322",6,-84.4534218181818,33.7708354545455
"1323",6,-84.5047327272727,33.7717442424242
"1324",6,-84.4705254545455,33.7717442424242
"1325",6,-84.4534218181818,33.7717442424242
"1326",6,-84.5047327272727,33.772653030303
"1327",6,-84.4705254545455,33.772653030303
"1328",6,-84.4534218181818,33.772653030303
"1329",6,-84.5037825252525,33.7735618181818
"1330",6,-84.4705254545455,33.7735618181818
"1331",6,-84.4534218181818,33.7735618181818
"1332",6,-84.5028323232323,33.7744706060606
"1333",6,-84.4705254545455,33.7744706060606
"1334",6,-84.4534218181818,33.7744706060606
"1335",6,-84.5018821212121,33.7753793939394
"1336",6,-84.4705254545455,33.7753793939394
"1337",6,-84.4534218181818,33.7753793939394
"1338",6,-84.5009319191919,33.7762881818182
"1339",6,-84.4705254545455,33.7762881818182
"1340",6,-84.454372020202,33.7762881818182
"1341",6,-84.4971311111111,33.777196969697
"1342",6,-84.4705254545455,33.777196969697
"1343",6,-84.4553222222222,33.777196969697
"1344",6,-84.4942805050505,33.7781057575758
"1345",6,-84.4705254545455,33.7781057575758
"1346",6,-84.4562724242424,33.7781057575758
"1347",6,-84.4933303030303,33.7790145454545
"1348",6,-84.4705254545455,33.7790145454545
"1349",6,-84.4572226262626,33.7790145454545
"1350",6,-84.4933303030303,33.7799233333333
"1351",6,-84.4705254545455,33.7799233333333
"1352",6,-84.4581728282828,33.7799233333333
"1353",6,-84.4923801010101,33.7808321212121
"1354",6,-84.4705254545455,33.7808321212121
"1355",6,-84.4581728282828,33.7808321212121
"1356",6,-84.4923801010101,33.7817409090909
"1357",6,-84.4714756565657,33.7817409090909
"1358",6,-84.4581728282828,33.7817409090909
"1359",6,-84.4923801010101,33.7826496969697
"1360",6,-84.4714756565657,33.7826496969697
"1361",6,-84.4581728282828,33.7826496969697
"1362",6,-84.4923801010101,33.7835584848485
"1363",6,-84.4724258585859,33.7835584848485
"1364",6,-84.4581728282828,33.7835584848485
"1365",6,-84.4923801010101,33.7844672727273
"1366",6,-84.4724258585859,33.7844672727273
"1367",6,-84.4581728282828,33.7844672727273
"1368",6,-84.4923801010101,33.7853760606061
"1369",6,-84.4724258585859,33.7853760606061
"1370",6,-84.4581728282828,33.7853760606061
"1371",6,-84.4914298989899,33.7862848484848
"1372",6,-84.4724258585859,33.7862848484848
"1373",6,-84.459123030303,33.7862848484848
"1374",6,-84.4914298989899,33.7871936363636
"1375",6,-84.4724258585859,33.7871936363636
"1376",6,-84.459123030303,33.7871936363636
"1377",6,-84.4914298989899,33.7881024242424
"1378",6,-84.4724258585859,33.7881024242424
"1379",6,-84.4600732323232,33.7881024242424
"1380",6,-84.4914298989899,33.7890112121212
"1381",6,-84.4724258585859,33.7890112121212
"1382",6,-84.4914298989899,33.78992
"1383",6,-84.4724258585859,33.78992
"1384",6,-84.4914298989899,33.7908287878788
"1385",6,-84.4724258585859,33.7908287878788
"1386",6,-84.4914298989899,33.7917375757576
"1387",6,-84.4724258585859,33.7917375757576
"1388",6,-84.4904796969697,33.7926463636364
"1389",6,-84.4724258585859,33.7926463636364
"1390",6,-84.4724258585859,33.7935551515152
"1391",6,-84.4724258585859,33.7944639393939
"1392",6,-84.4724258585859,33.7953727272727
"1393",6,-84.4724258585859,33.7962815151515
"1394",6,-84.4714756565657,33.7971903030303
"1395",6,-84.4714756565657,33.7980990909091
"1396",6,-84.4705254545455,33.7990078787879
"1397",6,-84.4705254545455,33.7999166666667
"1398",6,-84.4695752525252,33.8008254545455
"1399",6,-84.4695752525252,33.8017342424242
"1400",6,-84.4695752525252,33.802643030303
"1401",6,-84.4695752525252,33.8035518181818
"1402",6,-84.4695752525252,33.8044606060606
"1403",6,-84.4705254545455,33.8053693939394
"1404",6,-84.4705254545455,33.8062781818182
"1405",6,-84.4714756565657,33.807186969697
"1406",6,-84.4724258585859,33.8080957575758
"1407",6,-84.4724258585859,33.8090045454545
"1408",6,-84.4733760606061,33.8099133333333
"1409",6,-84.4733760606061,33.8108221212121
"1410",6,-84.4743262626263,33.8117309090909
"1411",6,-84.4743262626263,33.8126396969697
"1412",6,-84.4743262626263,33.8135484848485
"1413",6,-84.4743262626263,33.8144572727273
"1414",6,-84.4743262626263,33.8153660606061
"1415",6,-84.4743262626263,33.8162748484849
"1416",6,-84.4743262626263,33.8171836363636
"1417",6,-84.4743262626263,33.8180924242424
"1418",6,-84.4743262626263,33.8190012121212
"1419",6,-84.4743262626263,33.81991
"1420",7,-84.3573303030303,33.68622
"1421",7,-84.3573303030303,33.686806969697
"1422",7,-84.3573303030303,33.6873939393939
"1423",7,-84.3579761616162,33.6879809090909
"1424",7,-84.3579761616162,33.6885678787879
"1425",7,-84.3579761616162,33.6891548484848
"1426",7,-84.358622020202,33.6897418181818
"1427",7,-84.3734767676768,33.6903287878788
"1428",7,-84.358622020202,33.6903287878788
"1429",7,-84.3741226262626,33.6909157575758
"1430",7,-84.358622020202,33.6909157575758
"1431",7,-84.3747684848485,33.6915027272727
"1432",7,-84.358622020202,33.6915027272727
"1433",7,-84.3747684848485,33.6920896969697
"1434",7,-84.358622020202,33.6920896969697
"1435",7,-84.3754143434343,33.6926766666667
"1436",7,-84.358622020202,33.6926766666667
"1437",7,-84.3754143434343,33.6932636363636
"1438",7,-84.3592678787879,33.6932636363636
"1439",7,-84.3760602020202,33.6938506060606
"1440",7,-84.3592678787879,33.6938506060606
"1441",7,-84.3760602020202,33.6944375757576
"1442",7,-84.3592678787879,33.6944375757576
"1443",7,-84.3760602020202,33.6950245454545
"1444",7,-84.3592678787879,33.6950245454545
"1445",7,-84.3767060606061,33.6956115151515
"1446",7,-84.3592678787879,33.6956115151515
"1447",7,-84.3767060606061,33.6961984848485
"1448",7,-84.358622020202,33.6961984848485
"1449",7,-84.3773519191919,33.6967854545455
"1450",7,-84.358622020202,33.6967854545455
"1451",7,-84.3773519191919,33.6973724242424
"1452",7,-84.358622020202,33.6973724242424
"1453",7,-84.3779977777778,33.6979593939394
"1454",7,-84.358622020202,33.6979593939394
"1455",7,-84.3941442424242,33.6985463636364
"1456",7,-84.3779977777778,33.6985463636364
"1457",7,-84.358622020202,33.6985463636364
"1458",7,-84.395435959596,33.6991333333333
"1459",7,-84.3786436363636,33.6991333333333
"1460",7,-84.358622020202,33.6991333333333
"1461",7,-84.395435959596,33.6997203030303
"1462",7,-84.3786436363636,33.6997203030303
"1463",7,-84.358622020202,33.6997203030303
"1464",7,-84.3960818181818,33.7003072727273
"1465",7,-84.3786436363636,33.7003072727273
"1466",7,-84.358622020202,33.7003072727273
"1467",7,-84.3960818181818,33.7008942424242
"1468",7,-84.3786436363636,33.7008942424242
"1469",7,-84.358622020202,33.7008942424242
"1470",7,-84.3967276767677,33.7014812121212
"1471",7,-84.3786436363636,33.7014812121212
"1472",7,-84.358622020202,33.7014812121212
"1473",7,-84.3967276767677,33.7020681818182
"1474",7,-84.3792894949495,33.7020681818182
"1475",7,-84.358622020202,33.7020681818182
"1476",7,-84.3967276767677,33.7026551515152
"1477",7,-84.3792894949495,33.7026551515152
"1478",7,-84.3592678787879,33.7026551515152
"1479",7,-84.3973735353535,33.7032421212121
"1480",7,-84.3792894949495,33.7032421212121
"1481",7,-84.3592678787879,33.7032421212121
"1482",7,-84.3973735353535,33.7038290909091
"1483",7,-84.3792894949495,33.7038290909091
"1484",7,-84.3592678787879,33.7038290909091
"1485",7,-84.3973735353535,33.7044160606061
"1486",7,-84.3792894949495,33.7044160606061
"1487",7,-84.3592678787879,33.7044160606061
"1488",7,-84.3973735353535,33.705003030303
"1489",7,-84.3792894949495,33.705003030303
"1490",7,-84.3592678787879,33.705003030303
"1491",7,-84.3973735353535,33.70559
"1492",7,-84.3792894949495,33.70559
"1493",7,-84.3592678787879,33.70559
"1494",7,-84.3973735353535,33.706176969697
"1495",7,-84.3792894949495,33.706176969697
"1496",7,-84.3592678787879,33.706176969697
"1497",7,-84.3973735353535,33.7067639393939
"1498",7,-84.3792894949495,33.7067639393939
"1499",7,-84.3592678787879,33.7067639393939
"1500",7,-84.3973735353535,33.7073509090909
"1501",7,-84.3799353535354,33.7073509090909
"1502",7,-84.3592678787879,33.7073509090909
"1503",7,-84.3973735353535,33.7079378787879
"1504",7,-84.3799353535354,33.7079378787879
"1505",7,-84.3592678787879,33.7079378787879
"1506",7,-84.3967276767677,33.7085248484848
"1507",7,-84.3799353535354,33.7085248484848
"1508",7,-84.3592678787879,33.7085248484848
"1509",7,-84.3967276767677,33.7091118181818
"1510",7,-84.3805812121212,33.7091118181818
"1511",7,-84.3592678787879,33.7091118181818
"1512",7,-84.3960818181818,33.7096987878788
"1513",7,-84.3812270707071,33.7096987878788
"1514",7,-84.3592678787879,33.7096987878788
"1515",7,-84.395435959596,33.7102857575758
"1516",7,-84.3825187878788,33.7102857575758
"1517",7,-84.3592678787879,33.7102857575758
"1518",7,-84.3941442424242,33.7108727272727
"1519",7,-84.3592678787879,33.7108727272727
"1520",7,-84.3922066666667,33.7114596969697
"1521",7,-84.3592678787879,33.7114596969697
"1522",7,-84.3915608080808,33.7120466666667
"1523",7,-84.3592678787879,33.7120466666667
"1524",7,-84.390914949495,33.7126336363636
"1525",7,-84.3592678787879,33.7126336363636
"1526",7,-84.390914949495,33.7132206060606
"1527",7,-84.3592678787879,33.7132206060606
"1528",7,-84.390914949495,33.7138075757576
"1529",7,-84.3599137373737,33.7138075757576
"1530",7,-84.390914949495,33.7143945454545
"1531",7,-84.3683098989899,33.7143945454545
"1532",7,-84.390914949495,33.7149815151515
"1533",7,-84.3683098989899,33.7149815151515
"1534",7,-84.4064155555556,33.7155684848485
"1535",7,-84.390914949495,33.7155684848485
"1536",7,-84.3689557575758,33.7155684848485
"1537",7,-84.3534551515151,33.7155684848485
"1538",7,-84.4070614141414,33.7161554545455
"1539",7,-84.390914949495,33.7161554545455
"1540",7,-84.3689557575758,33.7161554545455
"1541",7,-84.3528092929293,33.7161554545455
"1542",7,-84.4070614141414,33.7167424242424
"1543",7,-84.390914949495,33.7167424242424
"1544",7,-84.3689557575758,33.7167424242424
"1545",7,-84.3528092929293,33.7167424242424
"1546",7,-84.4070614141414,33.7173293939394
"1547",7,-84.3915608080808,33.7173293939394
"1548",7,-84.3689557575758,33.7173293939394
"1549",7,-84.3521634343434,33.7173293939394
"1550",7,-84.4070614141414,33.7179163636364
"1551",7,-84.3915608080808,33.7179163636364
"1552",7,-84.3689557575758,33.7179163636364
"1553",7,-84.3521634343434,33.7179163636364
"1554",7,-84.4064155555556,33.7185033333333
"1555",7,-84.3922066666667,33.7185033333333
"1556",7,-84.3689557575758,33.7185033333333
"1557",7,-84.3521634343434,33.7185033333333
"1558",7,-84.4057696969697,33.7190903030303
"1559",7,-84.3928525252525,33.7190903030303
"1560",7,-84.3689557575758,33.7190903030303
"1561",7,-84.3521634343434,33.7190903030303
"1562",7,-84.3934983838384,33.7196772727273
"1563",7,-84.3689557575758,33.7196772727273
"1564",7,-84.3521634343434,33.7196772727273
"1565",7,-84.3947901010101,33.7202642424242
"1566",7,-84.3689557575758,33.7202642424242
"1567",7,-84.3521634343434,33.7202642424242
"1568",7,-84.3960818181818,33.7208512121212
"1569",7,-84.3689557575758,33.7208512121212
"1570",7,-84.3521634343434,33.7208512121212
"1571",7,-84.3973735353535,33.7214381818182
"1572",7,-84.3683098989899,33.7214381818182
"1573",7,-84.3528092929293,33.7214381818182
"1574",7,-84.3986652525253,33.7220251515151
"1575",7,-84.3683098989899,33.7220251515151
"1576",7,-84.3528092929293,33.7220251515151
"1577",7,-84.3993111111111,33.7226121212121
"1578",7,-84.3683098989899,33.7226121212121
"1579",7,-84.3534551515151,33.7226121212121
"1580",7,-84.3993111111111,33.7231990909091
"1581",7,-84.367664040404,33.7231990909091
"1582",7,-84.3547468686869,33.7231990909091
"1583",7,-84.399956969697,33.7237860606061
"1584",7,-84.367664040404,33.7237860606061
"1585",7,-84.399956969697,33.724373030303
"1586",7,-84.3670181818182,33.724373030303
"1587",7,-84.399956969697,33.72496
"1588",7,-84.3670181818182,33.72496
"1589",7,-84.399956969697,33.725546969697
"1590",7,-84.3663723232323,33.725546969697
"1591",7,-84.399956969697,33.7261339393939
"1592",7,-84.3889773737374,33.7261339393939
"1593",7,-84.3657264646465,33.7261339393939
"1594",7,-84.399956969697,33.7267209090909
"1595",7,-84.3883315151515,33.7267209090909
"1596",7,-84.3657264646465,33.7267209090909
"1597",7,-84.399956969697,33.7273078787879
"1598",7,-84.3876856565657,33.7273078787879
"1599",7,-84.3650806060606,33.7273078787879
"1600",7,-84.399956969697,33.7278948484848
"1601",7,-84.3876856565657,33.7278948484848
"1602",7,-84.3644347474747,33.7278948484848
"1603",7,-84.399956969697,33.7284818181818
"1604",7,-84.3876856565657,33.7284818181818
"1605",7,-84.3644347474747,33.7284818181818
"1606",7,-84.399956969697,33.7290687878788
"1607",7,-84.3876856565657,33.7290687878788
"1608",7,-84.3644347474747,33.7290687878788
"1609",7,-84.399956969697,33.7296557575758
"1610",7,-84.3876856565657,33.7296557575758
"1611",7,-84.3644347474747,33.7296557575758
"1612",7,-84.399956969697,33.7302427272727
"1613",7,-84.3876856565657,33.7302427272727
"1614",7,-84.3644347474747,33.7302427272727
"1615",7,-84.399956969697,33.7308296969697
"1616",7,-84.3876856565657,33.7308296969697
"1617",7,-84.3650806060606,33.7308296969697
"1618",7,-84.399956969697,33.7314166666667
"1619",7,-84.3876856565657,33.7314166666667
"1620",7,-84.3650806060606,33.7314166666667
"1621",7,-84.399956969697,33.7320036363636
"1622",7,-84.3876856565657,33.7320036363636
"1623",7,-84.3993111111111,33.7325906060606
"1624",7,-84.3876856565657,33.7325906060606
"1625",7,-84.3993111111111,33.7331775757576
"1626",7,-84.3876856565657,33.7331775757576
"1627",7,-84.3986652525253,33.7337645454545
"1628",7,-84.3883315151515,33.7337645454545
"1629",7,-84.3986652525253,33.7343515151515
"1630",7,-84.3883315151515,33.7343515151515
"1631",7,-84.3980193939394,33.7349384848485
"1632",7,-84.3896232323232,33.7349384848485
"1633",7,-84.3980193939394,33.7355254545455
"1634",7,-84.3973735353535,33.7361124242424
"1635",7,-84.3973735353535,33.7366993939394
"1636",7,-84.3967276767677,33.7372863636364
"1637",7,-84.3702474747475,33.7372863636364
"1638",7,-84.3967276767677,33.7378733333333
"1639",7,-84.3696016161616,33.7378733333333
"1640",7,-84.3967276767677,33.7384603030303
"1641",7,-84.3696016161616,33.7384603030303
"1642",7,-84.3967276767677,33.7390472727273
"1643",7,-84.3696016161616,33.7390472727273
"1644",7,-84.3960818181818,33.7396342424242
"1645",7,-84.3696016161616,33.7396342424242
"1646",7,-84.3960818181818,33.7402212121212
"1647",7,-84.3857480808081,33.7402212121212
"1648",7,-84.3696016161616,33.7402212121212
"1649",7,-84.3960818181818,33.7408081818182
"1650",7,-84.3857480808081,33.7408081818182
"1651",7,-84.3696016161616,33.7408081818182
"1652",7,-84.3960818181818,33.7413951515151
"1653",7,-84.3851022222222,33.7413951515151
"1654",7,-84.3696016161616,33.7413951515151
"1655",7,-84.3960818181818,33.7419821212121
"1656",7,-84.3851022222222,33.7419821212121
"1657",7,-84.3696016161616,33.7419821212121
"1658",7,-84.395435959596,33.7425690909091
"1659",7,-84.3851022222222,33.7425690909091
"1660",7,-84.3696016161616,33.7425690909091
"1661",7,-84.395435959596,33.7431560606061
"1662",7,-84.3851022222222,33.7431560606061
"1663",7,-84.3696016161616,33.7431560606061
"1664",7,-84.395435959596,33.743743030303
"1665",7,-84.3851022222222,33.743743030303
"1666",7,-84.3696016161616,33.743743030303
"1667",7,-84.395435959596,33.74433
"1668",7,-84.3851022222222,33.74433
"1669",7,-84.3696016161616,33.74433
"1670",8,-84.4392919191919,33.77209
"1671",8,-84.4115285858586,33.77209
"1672",8,-84.4392919191919,33.7731297979798
"1673",8,-84.4115285858586,33.7731297979798
"1674",8,-84.4392919191919,33.7741695959596
"1675",8,-84.4106872727273,33.7741695959596
"1676",8,-84.4392919191919,33.7752093939394
"1677",8,-84.4106872727273,33.7752093939394
"1678",8,-84.4401332323232,33.7762491919192
"1679",8,-84.4106872727273,33.7762491919192
"1680",8,-84.4401332323232,33.777288989899
"1681",8,-84.4106872727273,33.777288989899
"1682",8,-84.4409745454545,33.7783287878788
"1683",8,-84.4106872727273,33.7783287878788
"1684",8,-84.4426571717172,33.7793685858586
"1685",8,-84.4106872727273,33.7793685858586
"1686",8,-84.4443397979798,33.7804083838384
"1687",8,-84.4106872727273,33.7804083838384
"1688",8,-84.4451811111111,33.7814481818182
"1689",8,-84.4106872727273,33.7814481818182
"1690",8,-84.4460224242424,33.782487979798
"1691",8,-84.409845959596,33.782487979798
"1692",8,-84.4460224242424,33.7835277777778
"1693",8,-84.409845959596,33.7835277777778
"1694",8,-84.4468637373737,33.7845675757576
"1695",8,-84.409845959596,33.7845675757576
"1696",8,-84.4468637373737,33.7856073737374
"1697",8,-84.4090046464646,33.7856073737374
"1698",8,-84.447705050505,33.7866471717172
"1699",8,-84.4224656565656,33.7866471717172
"1700",8,-84.407322020202,33.7866471717172
"1701",8,-84.447705050505,33.787686969697
"1702",8,-84.4241482828283,33.787686969697
"1703",8,-84.4014328282828,33.787686969697
"1704",8,-84.447705050505,33.7887267676768
"1705",8,-84.4241482828283,33.7887267676768
"1706",8,-84.4005915151515,33.7887267676768
"1707",8,-84.447705050505,33.7897665656566
"1708",8,-84.4241482828283,33.7897665656566
"1709",8,-84.3997502020202,33.7897665656566
"1710",8,-84.4485463636364,33.7908063636364
"1711",8,-84.4249895959596,33.7908063636364
"1712",8,-84.3989088888889,33.7908063636364
"1713",8,-84.4485463636364,33.7918461616162
"1714",8,-84.4249895959596,33.7918461616162
"1715",8,-84.3989088888889,33.7918461616162
"1716",8,-84.4485463636364,33.792885959596
"1717",8,-84.4249895959596,33.792885959596
"1718",8,-84.3989088888889,33.792885959596
"1719",8,-84.4485463636364,33.7939257575758
"1720",8,-84.4249895959596,33.7939257575758
"1721",8,-84.3989088888889,33.7939257575758
"1722",8,-84.4485463636364,33.7949655555556
"1723",8,-84.4249895959596,33.7949655555556
"1724",8,-84.3989088888889,33.7949655555556
"1725",8,-84.4485463636364,33.7960053535353
"1726",8,-84.4081633333333,33.7960053535353
"1727",8,-84.3980675757576,33.7960053535353
"1728",8,-84.4485463636364,33.7970451515151
"1729",8,-84.409845959596,33.7970451515151
"1730",8,-84.3980675757576,33.7970451515151
"1731",8,-84.4485463636364,33.798084949495
"1732",8,-84.4115285858586,33.798084949495
"1733",8,-84.3972262626263,33.798084949495
"1734",8,-84.447705050505,33.7991247474747
"1735",8,-84.4115285858586,33.7991247474747
"1736",8,-84.396384949495,33.7991247474747
"1737",8,-84.4123698989899,33.8001645454545
"1738",8,-84.3955436363636,33.8001645454545
"1739",8,-84.4123698989899,33.8012043434343
"1740",8,-84.3947023232323,33.8012043434343
"1741",8,-84.4123698989899,33.8022441414141
"1742",8,-84.3947023232323,33.8022441414141
"1743",8,-84.4123698989899,33.8032839393939
"1744",8,-84.3947023232323,33.8032839393939
"1745",8,-84.4334027272727,33.8043237373737
"1746",8,-84.4123698989899,33.8043237373737
"1747",8,-84.3947023232323,33.8043237373737
"1748",8,-84.434244040404,33.8053635353535
"1749",8,-84.4132112121212,33.8053635353535
"1750",8,-84.393861010101,33.8053635353535
"1751",8,-84.434244040404,33.8064033333333
"1752",8,-84.4132112121212,33.8064033333333
"1753",8,-84.393861010101,33.8064033333333
"1754",8,-84.4334027272727,33.8074431313131
"1755",8,-84.4132112121212,33.8074431313131
"1756",8,-84.393861010101,33.8074431313131
"1757",8,-84.4132112121212,33.8084829292929
"1758",8,-84.393861010101,33.8084829292929
"1759",8,-84.4132112121212,33.8095227272727
"1760",8,-84.3930196969697,33.8095227272727
"1761",8,-84.4258309090909,33.8105625252525
"1762",8,-84.4132112121212,33.8105625252525
"1763",8,-84.3930196969697,33.8105625252525
"1764",8,-84.4258309090909,33.8116023232323
"1765",8,-84.4132112121212,33.8116023232323
"1766",8,-84.3930196969697,33.8116023232323
"1767",8,-84.4258309090909,33.8126421212121
"1768",8,-84.4132112121212,33.8126421212121
"1769",8,-84.3930196969697,33.8126421212121
"1770",8,-84.4258309090909,33.8136819191919
"1771",8,-84.4132112121212,33.8136819191919
"1772",8,-84.3921783838384,33.8136819191919
"1773",8,-84.4258309090909,33.8147217171717
"1774",8,-84.4140525252525,33.8147217171717
"1775",8,-84.3921783838384,33.8147217171717
"1776",8,-84.4258309090909,33.8157615151515
"1777",8,-84.3921783838384,33.8157615151515
"1778",8,-84.4426571717172,33.8168013131313
"1779",8,-84.4258309090909,33.8168013131313
"1780",8,-84.3921783838384,33.8168013131313
"1781",8,-84.4460224242424,33.8178411111111
"1782",8,-84.4258309090909,33.8178411111111
"1783",8,-84.3921783838384,33.8178411111111
"1784",8,-84.4468637373737,33.8188809090909
"1785",8,-84.4266722222222,33.8188809090909
"1786",8,-84.3921783838384,33.8188809090909
"1787",8,-84.447705050505,33.8199207070707
"1788",8,-84.4266722222222,33.8199207070707
"1789",8,-84.3921783838384,33.8199207070707
"1790",8,-84.447705050505,33.8209605050505
"1791",8,-84.4266722222222,33.8209605050505
"1792",8,-84.3921783838384,33.8209605050505
"1793",8,-84.447705050505,33.8220003030303
"1794",8,-84.4275135353535,33.8220003030303
"1795",8,-84.3930196969697,33.8220003030303
"1796",8,-84.447705050505,33.8230401010101
"1797",8,-84.4275135353535,33.8230401010101
"1798",8,-84.393861010101,33.8230401010101
"1799",8,-84.447705050505,33.8240798989899
"1800",8,-84.4266722222222,33.8240798989899
"1801",8,-84.3947023232323,33.8240798989899
"1802",8,-84.447705050505,33.8251196969697
"1803",8,-84.4258309090909,33.8251196969697
"1804",8,-84.3980675757576,33.8251196969697
"1805",8,-84.4468637373737,33.8261594949495
"1806",8,-84.4249895959596,33.8261594949495
"1807",8,-84.4468637373737,33.8271992929293
"1808",8,-84.4241482828283,33.8271992929293
"1809",8,-84.4392919191919,33.8282390909091
"1810",8,-84.4241482828283,33.8282390909091
"1811",8,-84.4081633333333,33.8282390909091
"1812",8,-84.4376092929293,33.8292788888889
"1813",8,-84.4241482828283,33.8292788888889
"1814",8,-84.407322020202,33.8292788888889
"1815",8,-84.4241482828283,33.8303186868687
"1816",8,-84.407322020202,33.8303186868687
"1817",8,-84.4241482828283,33.8313584848485
"1818",8,-84.4064807070707,33.8313584848485
"1819",8,-84.4241482828283,33.8323982828283
"1820",8,-84.4064807070707,33.8323982828283
"1821",8,-84.4241482828283,33.8334380808081
"1822",8,-84.4064807070707,33.8334380808081
"1823",8,-84.4241482828283,33.8344778787879
"1824",8,-84.4064807070707,33.8344778787879
"1825",8,-84.4241482828283,33.8355176767677
"1826",8,-84.4064807070707,33.8355176767677
"1827",8,-84.4241482828283,33.8365574747475
"1828",8,-84.4064807070707,33.8365574747475
"1829",8,-84.4527529292929,33.8375972727273
"1830",8,-84.4241482828283,33.8375972727273
"1831",8,-84.4064807070707,33.8375972727273
"1832",8,-84.4535942424242,33.8386370707071
"1833",8,-84.4249895959596,33.8386370707071
"1834",8,-84.4064807070707,33.8386370707071
"1835",8,-84.4544355555555,33.8396768686869
"1836",8,-84.4249895959596,33.8396768686869
"1837",8,-84.4064807070707,33.8396768686869
"1838",8,-84.4544355555555,33.8407166666667
"1839",8,-84.4266722222222,33.8407166666667
"1840",8,-84.4064807070707,33.8407166666667
"1841",8,-84.4544355555555,33.8417564646465
"1842",8,-84.4275135353535,33.8417564646465
"1843",8,-84.407322020202,33.8417564646465
"1844",8,-84.4544355555555,33.8427962626263
"1845",8,-84.4283548484848,33.8427962626263
"1846",8,-84.4544355555555,33.8438360606061
"1847",8,-84.4291961616162,33.8438360606061
"1848",8,-84.4544355555555,33.8448758585859
"1849",8,-84.4291961616162,33.8448758585859
"1850",8,-84.4544355555555,33.8459156565657
"1851",8,-84.4300374747475,33.8459156565657
"1852",8,-84.4544355555555,33.8469554545455
"1853",8,-84.4300374747475,33.8469554545455
"1854",8,-84.4544355555555,33.8479952525253
"1855",8,-84.4300374747475,33.8479952525253
"1856",8,-84.4544355555555,33.849035050505
"1857",8,-84.4300374747475,33.849035050505
"1858",8,-84.4544355555555,33.8500748484849
"1859",8,-84.4300374747475,33.8500748484849
"1860",8,-84.4535942424242,33.8511146464647
"1861",8,-84.4300374747475,33.8511146464647
"1862",8,-84.4535942424242,33.8521544444444
"1863",8,-84.4300374747475,33.8521544444444
"1864",8,-84.4535942424242,33.8531942424242
"1865",8,-84.4300374747475,33.8531942424242
"1866",8,-84.4527529292929,33.854234040404
"1867",8,-84.4300374747475,33.854234040404
"1868",8,-84.4519116161616,33.8552738383838
"1869",8,-84.4300374747475,33.8552738383838
"1870",8,-84.4519116161616,33.8563136363636
"1871",8,-84.4300374747475,33.8563136363636
"1872",8,-84.4510703030303,33.8573534343434
"1873",8,-84.4300374747475,33.8573534343434
"1874",8,-84.4510703030303,33.8583932323232
"1875",8,-84.4300374747475,33.8583932323232
"1876",8,-84.4510703030303,33.859433030303
"1877",8,-84.4300374747475,33.859433030303
"1878",8,-84.450228989899,33.8604728282828
"1879",8,-84.4300374747475,33.8604728282828
"1880",8,-84.450228989899,33.8615126262626
"1881",8,-84.4308787878788,33.8615126262626
"1882",8,-84.450228989899,33.8625524242424
"1883",8,-84.4308787878788,33.8625524242424
"1884",8,-84.450228989899,33.8635922222222
"1885",8,-84.4317201010101,33.8635922222222
"1886",8,-84.4493876767677,33.864632020202
"1887",8,-84.4325614141414,33.864632020202
"1888",8,-84.4493876767677,33.8656718181818
"1889",8,-84.4325614141414,33.8656718181818
"1890",8,-84.4493876767677,33.8667116161616
"1891",8,-84.4334027272727,33.8667116161616
"1892",8,-84.4485463636364,33.8677514141414
"1893",8,-84.4334027272727,33.8677514141414
"1894",8,-84.4485463636364,33.8687912121212
"1895",8,-84.4334027272727,33.8687912121212
"1896",8,-84.447705050505,33.869831010101
"1897",8,-84.434244040404,33.869831010101
"1898",8,-84.4460224242424,33.8708708080808
"1899",8,-84.4350853535354,33.8708708080808
"1900",8,-84.4443397979798,33.8719106060606
"1901",8,-84.4434984848485,33.8729504040404
"1902",8,-84.4434984848485,33.8739902020202
"1903",8,-84.4434984848485,33.87503
"1904",9,-84.3669442424242,33.79926
"1905",9,-84.3497515151515,33.79926
"1906",9,-84.3669442424242,33.8000877777778
"1907",9,-84.3497515151515,33.8000877777778
"1908",9,-84.3870024242424,33.8009155555556
"1909",9,-84.3669442424242,33.8009155555556
"1910",9,-84.3497515151515,33.8009155555556
"1911",9,-84.3879575757576,33.8017433333333
"1912",9,-84.3659890909091,33.8017433333333
"1913",9,-84.3507066666667,33.8017433333333
"1914",9,-84.3879575757576,33.8025711111111
"1915",9,-84.3659890909091,33.8025711111111
"1916",9,-84.3507066666667,33.8025711111111
"1917",9,-84.3879575757576,33.8033988888889
"1918",9,-84.3659890909091,33.8033988888889
"1919",9,-84.3507066666667,33.8033988888889
"1920",9,-84.3879575757576,33.8042266666667
"1921",9,-84.3659890909091,33.8042266666667
"1922",9,-84.3516618181818,33.8042266666667
"1923",9,-84.3879575757576,33.8050544444444
"1924",9,-84.3659890909091,33.8050544444444
"1925",9,-84.3516618181818,33.8050544444444
"1926",9,-84.3879575757576,33.8058822222222
"1927",9,-84.3659890909091,33.8058822222222
"1928",9,-84.3516618181818,33.8058822222222
"1929",9,-84.3879575757576,33.80671
"1930",9,-84.3659890909091,33.80671
"1931",9,-84.3516618181818,33.80671
"1932",9,-84.3879575757576,33.8075377777778
"1933",9,-84.3659890909091,33.8075377777778
"1934",9,-84.352616969697,33.8075377777778
"1935",9,-84.3879575757576,33.8083655555556
"1936",9,-84.3659890909091,33.8083655555556
"1937",9,-84.352616969697,33.8083655555556
"1938",9,-84.3879575757576,33.8091933333333
"1939",9,-84.3659890909091,33.8091933333333
"1940",9,-84.352616969697,33.8091933333333
"1941",9,-84.3879575757576,33.8100211111111
"1942",9,-84.3659890909091,33.8100211111111
"1943",9,-84.352616969697,33.8100211111111
"1944",9,-84.3879575757576,33.8108488888889
"1945",9,-84.3659890909091,33.8108488888889
"1946",9,-84.352616969697,33.8108488888889
"1947",9,-84.3879575757576,33.8116766666667
"1948",9,-84.3659890909091,33.8116766666667
"1949",9,-84.3516618181818,33.8116766666667
"1950",9,-84.3879575757576,33.8125044444444
"1951",9,-84.3659890909091,33.8125044444444
"1952",9,-84.3516618181818,33.8125044444444
"1953",9,-84.3879575757576,33.8133322222222
"1954",9,-84.3659890909091,33.8133322222222
"1955",9,-84.3516618181818,33.8133322222222
"1956",9,-84.3879575757576,33.81416
"1957",9,-84.3659890909091,33.81416
"1958",9,-84.3516618181818,33.81416
"1959",9,-84.3879575757576,33.8149877777778
"1960",9,-84.3659890909091,33.8149877777778
"1961",9,-84.3516618181818,33.8149877777778
"1962",9,-84.3879575757576,33.8158155555556
"1963",9,-84.3659890909091,33.8158155555556
"1964",9,-84.3516618181818,33.8158155555556
"1965",9,-84.3879575757576,33.8166433333333
"1966",9,-84.3659890909091,33.8166433333333
"1967",9,-84.3516618181818,33.8166433333333
"1968",9,-84.3879575757576,33.8174711111111
"1969",9,-84.3650339393939,33.8174711111111
"1970",9,-84.3516618181818,33.8174711111111
"1971",9,-84.4070606060606,33.8182988888889
"1972",9,-84.3879575757576,33.8182988888889
"1973",9,-84.3650339393939,33.8182988888889
"1974",9,-84.3516618181818,33.8182988888889
"1975",9,-84.4070606060606,33.8191266666667
"1976",9,-84.3879575757576,33.8191266666667
"1977",9,-84.3650339393939,33.8191266666667
"1978",9,-84.3516618181818,33.8191266666667
"1979",9,-84.4070606060606,33.8199544444444
"1980",9,-84.3879575757576,33.8199544444444
"1981",9,-84.3650339393939,33.8199544444444
"1982",9,-84.3516618181818,33.8199544444444
"1983",9,-84.4070606060606,33.8207822222222
"1984",9,-84.3879575757576,33.8207822222222
"1985",9,-84.3650339393939,33.8207822222222
"1986",9,-84.3516618181818,33.8207822222222
"1987",9,-84.4070606060606,33.82161
"1988",9,-84.3879575757576,33.82161
"1989",9,-84.3650339393939,33.82161
"1990",9,-84.3516618181818,33.82161
"1991",9,-84.4070606060606,33.8224377777778
"1992",9,-84.3879575757576,33.8224377777778
"1993",9,-84.3650339393939,33.8224377777778
"1994",9,-84.3516618181818,33.8224377777778
"1995",9,-84.4070606060606,33.8232655555556
"1996",9,-84.3870024242424,33.8232655555556
"1997",9,-84.3650339393939,33.8232655555556
"1998",9,-84.3516618181818,33.8232655555556
"1999",9,-84.4070606060606,33.8240933333333
"2000",9,-84.3860472727273,33.8240933333333
"2001",9,-84.3650339393939,33.8240933333333
"2002",9,-84.352616969697,33.8240933333333
"2003",9,-84.4070606060606,33.8249211111111
"2004",9,-84.3850921212121,33.8249211111111
"2005",9,-84.3650339393939,33.8249211111111
"2006",9,-84.4070606060606,33.8257488888889
"2007",9,-84.384136969697,33.8257488888889
"2008",9,-84.3650339393939,33.8257488888889
"2009",9,-84.4070606060606,33.8265766666667
"2010",9,-84.384136969697,33.8265766666667
"2011",9,-84.3650339393939,33.8265766666667
"2012",9,-84.4070606060606,33.8274044444444
"2013",9,-84.384136969697,33.8274044444444
"2014",9,-84.3650339393939,33.8274044444444
"2015",9,-84.4070606060606,33.8282322222222
"2016",9,-84.384136969697,33.8282322222222
"2017",9,-84.3650339393939,33.8282322222222
"2018",9,-84.4070606060606,33.82906
"2019",9,-84.384136969697,33.82906
"2020",9,-84.3650339393939,33.82906
"2021",9,-84.4070606060606,33.8298877777778
"2022",9,-84.384136969697,33.8298877777778
"2023",9,-84.3650339393939,33.8298877777778
"2024",9,-84.4070606060606,33.8307155555556
"2025",9,-84.3831818181818,33.8307155555556
"2026",9,-84.3650339393939,33.8307155555556
"2027",9,-84.4070606060606,33.8315433333333
"2028",9,-84.3831818181818,33.8315433333333
"2029",9,-84.3650339393939,33.8315433333333
"2030",9,-84.4080157575758,33.8323711111111
"2031",9,-84.3831818181818,33.8323711111111
"2032",9,-84.378406060606,33.8323711111111
"2033",9,-84.3650339393939,33.8323711111111
"2034",9,-84.4080157575758,33.8331988888889
"2035",9,-84.3774509090909,33.8331988888889
"2036",9,-84.3659890909091,33.8331988888889
"2037",9,-84.4080157575758,33.8340266666667
"2038",9,-84.3764957575758,33.8340266666667
"2039",9,-84.4080157575758,33.8348544444444
"2040",9,-84.3764957575758,33.8348544444444
"2041",9,-84.4080157575758,33.8356822222222
"2042",9,-84.3764957575758,33.8356822222222
"2043",9,-84.4080157575758,33.83651
"2044",9,-84.3755406060606,33.83651
"2045",9,-84.3621684848485,33.83651
"2046",9,-84.4080157575758,33.8373377777778
"2047",9,-84.3755406060606,33.8373377777778
"2048",9,-84.3621684848485,33.8373377777778
"2049",9,-84.4080157575758,33.8381655555556
"2050",9,-84.3755406060606,33.8381655555556
"2051",9,-84.3621684848485,33.8381655555556
"2052",9,-84.4080157575758,33.8389933333333
"2053",9,-84.3745854545455,33.8389933333333
"2054",9,-84.3621684848485,33.8389933333333
"2055",9,-84.4080157575758,33.8398211111111
"2056",9,-84.3745854545455,33.8398211111111
"2057",9,-84.3621684848485,33.8398211111111
"2058",9,-84.4080157575758,33.8406488888889
"2059",9,-84.3736303030303,33.8406488888889
"2060",9,-84.3621684848485,33.8406488888889
"2061",9,-84.4080157575758,33.8414766666667
"2062",9,-84.3736303030303,33.8414766666667
"2063",9,-84.3621684848485,33.8414766666667
"2064",9,-84.4080157575758,33.8423044444444
"2065",9,-84.3726751515152,33.8423044444444
"2066",9,-84.3621684848485,33.8423044444444
"2067",9,-84.4080157575758,33.8431322222222
"2068",9,-84.3726751515152,33.8431322222222
"2069",9,-84.3621684848485,33.8431322222222
"2070",9,-84.4080157575758,33.84396
"2071",9,-84.37172,33.84396
"2072",9,-84.3621684848485,33.84396
"2073",9,-84.4080157575758,33.8447877777778
"2074",9,-84.37172,33.8447877777778
"2075",9,-84.3621684848485,33.8447877777778
"2076",9,-84.4080157575758,33.8456155555556
"2077",9,-84.3707648484848,33.8456155555556
"2078",9,-84.3621684848485,33.8456155555556
"2079",9,-84.4080157575758,33.8464433333333
"2080",9,-84.3707648484848,33.8464433333333
"2081",9,-84.3621684848485,33.8464433333333
"2082",9,-84.4080157575758,33.8472711111111
"2083",9,-84.3707648484848,33.8472711111111
"2084",9,-84.3621684848485,33.8472711111111
"2085",9,-84.4080157575758,33.8480988888889
"2086",9,-84.3621684848485,33.8480988888889
"2087",9,-84.4080157575758,33.8489266666667
"2088",9,-84.3946436363636,33.8489266666667
"2089",9,-84.3812715151515,33.8489266666667
"2090",9,-84.3621684848485,33.8489266666667
"2091",9,-84.4080157575758,33.8497544444444
"2092",9,-84.3955987878788,33.8497544444444
"2093",9,-84.3812715151515,33.8497544444444
"2094",9,-84.3621684848485,33.8497544444444
"2095",9,-84.4080157575758,33.8505822222222
"2096",9,-84.3955987878788,33.8505822222222
"2097",9,-84.3822266666667,33.8505822222222
"2098",9,-84.3621684848485,33.8505822222222
"2099",9,-84.4204327272727,33.85141
"2100",9,-84.4080157575758,33.85141
"2101",9,-84.3955987878788,33.85141
"2102",9,-84.3822266666667,33.85141
"2103",9,-84.3621684848485,33.85141
"2104",9,-84.4204327272727,33.8522377777778
"2105",9,-84.4080157575758,33.8522377777778
"2106",9,-84.3955987878788,33.8522377777778
"2107",9,-84.3822266666667,33.8522377777778
"2108",9,-84.3621684848485,33.8522377777778
"2109",9,-84.4204327272727,33.8530655555556
"2110",9,-84.4080157575758,33.8530655555556
"2111",9,-84.3965539393939,33.8530655555556
"2112",9,-84.3822266666667,33.8530655555556
"2113",9,-84.3621684848485,33.8530655555556
"2114",9,-84.4204327272727,33.8538933333333
"2115",9,-84.4080157575758,33.8538933333333
"2116",9,-84.3965539393939,33.8538933333333
"2117",9,-84.3822266666667,33.8538933333333
"2118",9,-84.3621684848485,33.8538933333333
"2119",9,-84.4204327272727,33.8547211111111
"2120",9,-84.4080157575758,33.8547211111111
"2121",9,-84.3965539393939,33.8547211111111
"2122",9,-84.3822266666667,33.8547211111111
"2123",9,-84.3621684848485,33.8547211111111
"2124",9,-84.4204327272727,33.8555488888889
"2125",9,-84.4080157575758,33.8555488888889
"2126",9,-84.3965539393939,33.8555488888889
"2127",9,-84.3822266666667,33.8555488888889
"2128",9,-84.3621684848485,33.8555488888889
"2129",9,-84.4204327272727,33.8563766666667
"2130",9,-84.4080157575758,33.8563766666667
"2131",9,-84.3965539393939,33.8563766666667
"2132",9,-84.3822266666667,33.8563766666667
"2133",9,-84.3621684848485,33.8563766666667
"2134",9,-84.4204327272727,33.8572044444444
"2135",9,-84.4080157575758,33.8572044444444
"2136",9,-84.3965539393939,33.8572044444444
"2137",9,-84.3822266666667,33.8572044444444
"2138",9,-84.3621684848485,33.8572044444444
"2139",9,-84.4204327272727,33.8580322222222
"2140",9,-84.4080157575758,33.8580322222222
"2141",9,-84.3975090909091,33.8580322222222
"2142",9,-84.3822266666667,33.8580322222222
"2143",9,-84.3621684848485,33.8580322222222
"2144",9,-84.4204327272727,33.85886
"2145",9,-84.4080157575758,33.85886
"2146",9,-84.3975090909091,33.85886
"2147",9,-84.3822266666667,33.85886
"2148",9,-84.3621684848485,33.85886
"2149",9,-84.4204327272727,33.8596877777778
"2150",9,-84.4080157575758,33.8596877777778
"2151",9,-84.3975090909091,33.8596877777778
"2152",9,-84.3822266666667,33.8596877777778
"2153",9,-84.3621684848485,33.8596877777778
"2154",9,-84.4204327272727,33.8605155555556
"2155",9,-84.4080157575758,33.8605155555556
"2156",9,-84.3984642424242,33.8605155555556
"2157",9,-84.3812715151515,33.8605155555556
"2158",9,-84.3631236363636,33.8605155555556
"2159",9,-84.4204327272727,33.8613433333333
"2160",9,-84.4080157575758,33.8613433333333
"2161",9,-84.3984642424242,33.8613433333333
"2162",9,-84.3812715151515,33.8613433333333
"2163",9,-84.3631236363636,33.8613433333333
"2164",9,-84.4204327272727,33.8621711111111
"2165",9,-84.4080157575758,33.8621711111111
"2166",9,-84.3984642424242,33.8621711111111
"2167",9,-84.3812715151515,33.8621711111111
"2168",9,-84.3631236363636,33.8621711111111
"2169",9,-84.4204327272727,33.8629988888889
"2170",9,-84.4080157575758,33.8629988888889
"2171",9,-84.3994193939394,33.8629988888889
"2172",9,-84.3812715151515,33.8629988888889
"2173",9,-84.3631236363636,33.8629988888889
"2174",9,-84.4204327272727,33.8638266666667
"2175",9,-84.4070606060606,33.8638266666667
"2176",9,-84.3994193939394,33.8638266666667
"2177",9,-84.3812715151515,33.8638266666667
"2178",9,-84.3640787878788,33.8638266666667
"2179",9,-84.4204327272727,33.8646544444444
"2180",9,-84.4070606060606,33.8646544444444
"2181",9,-84.3812715151515,33.8646544444444
"2182",9,-84.3640787878788,33.8646544444444
"2183",9,-84.4213878787879,33.8654822222222
"2184",9,-84.4070606060606,33.8654822222222
"2185",9,-84.3812715151515,33.8654822222222
"2186",9,-84.3631236363636,33.8654822222222
"2187",9,-84.4213878787879,33.86631
"2188",9,-84.4070606060606,33.86631
"2189",9,-84.3917781818182,33.86631
"2190",9,-84.3812715151515,33.86631
"2191",9,-84.3631236363636,33.86631
"2192",9,-84.4213878787879,33.8671377777778
"2193",9,-84.4070606060606,33.8671377777778
"2194",9,-84.3917781818182,33.8671377777778
"2195",9,-84.3803163636364,33.8671377777778
"2196",9,-84.3621684848485,33.8671377777778
"2197",9,-84.3583478787879,33.8671377777778
"2198",9,-84.422343030303,33.8679655555556
"2199",9,-84.4070606060606,33.8679655555556
"2200",9,-84.3917781818182,33.8679655555556
"2201",9,-84.3803163636364,33.8679655555556
"2202",9,-84.3573927272727,33.8679655555556
"2203",9,-84.422343030303,33.8687933333333
"2204",9,-84.4070606060606,33.8687933333333
"2205",9,-84.3917781818182,33.8687933333333
"2206",9,-84.3803163636364,33.8687933333333
"2207",9,-84.3698096969697,33.8687933333333
"2208",9,-84.3573927272727,33.8687933333333
"2209",9,-84.4338048484848,33.8696211111111
"2210",9,-84.422343030303,33.8696211111111
"2211",9,-84.4070606060606,33.8696211111111
"2212",9,-84.3917781818182,33.8696211111111
"2213",9,-84.3803163636364,33.8696211111111
"2214",9,-84.3707648484848,33.8696211111111
"2215",9,-84.3573927272727,33.8696211111111
"2216",9,-84.422343030303,33.8704488888889
"2217",9,-84.4070606060606,33.8704488888889
"2218",9,-84.3917781818182,33.8704488888889
"2219",9,-84.3803163636364,33.8704488888889
"2220",9,-84.3707648484848,33.8704488888889
"2221",9,-84.3564375757576,33.8704488888889
"2222",9,-84.422343030303,33.8712766666667
"2223",9,-84.4070606060606,33.8712766666667
"2224",9,-84.3917781818182,33.8712766666667
"2225",9,-84.3803163636364,33.8712766666667
"2226",9,-84.3707648484848,33.8712766666667
"2227",9,-84.3554824242424,33.8712766666667
"2228",9,-84.422343030303,33.8721044444444
"2229",9,-84.4061054545455,33.8721044444444
"2230",9,-84.3917781818182,33.8721044444444
"2231",9,-84.3803163636364,33.8721044444444
"2232",9,-84.3554824242424,33.8721044444444
"2233",9,-84.422343030303,33.8729322222222
"2234",9,-84.4061054545455,33.8729322222222
"2235",9,-84.3917781818182,33.8729322222222
"2236",9,-84.3803163636364,33.8729322222222
"2237",9,-84.3698096969697,33.8729322222222
"2238",9,-84.3554824242424,33.8729322222222
"2239",9,-84.422343030303,33.87376
"2240",9,-84.4061054545455,33.87376
"2241",9,-84.3917781818182,33.87376
"2242",9,-84.3803163636364,33.87376
"2243",9,-84.3698096969697,33.87376
"2244",9,-84.3545272727273,33.87376
"2245",9,-84.422343030303,33.8745877777778
"2246",9,-84.4061054545455,33.8745877777778
"2247",9,-84.3917781818182,33.8745877777778
"2248",9,-84.3803163636364,33.8745877777778
"2249",9,-84.3698096969697,33.8745877777778
"2250",9,-84.3545272727273,33.8745877777778
"2251",9,-84.422343030303,33.8754155555556
"2252",9,-84.4061054545455,33.8754155555556
"2253",9,-84.3917781818182,33.8754155555556
"2254",9,-84.3803163636364,33.8754155555556
"2255",9,-84.3698096969697,33.8754155555556
"2256",9,-84.3545272727273,33.8754155555556
"2257",9,-84.422343030303,33.8762433333333
"2258",9,-84.4061054545455,33.8762433333333
"2259",9,-84.3917781818182,33.8762433333333
"2260",9,-84.3803163636364,33.8762433333333
"2261",9,-84.3698096969697,33.8762433333333
"2262",9,-84.3545272727273,33.8762433333333
"2263",9,-84.422343030303,33.8770711111111
"2264",9,-84.4070606060606,33.8770711111111
"2265",9,-84.3917781818182,33.8770711111111
"2266",9,-84.3803163636364,33.8770711111111
"2267",9,-84.3698096969697,33.8770711111111
"2268",9,-84.3545272727273,33.8770711111111
"2269",9,-84.422343030303,33.8778988888889
"2270",9,-84.4070606060606,33.8778988888889
"2271",9,-84.3917781818182,33.8778988888889
"2272",9,-84.3803163636364,33.8778988888889
"2273",9,-84.3698096969697,33.8778988888889
"2274",9,-84.3545272727273,33.8778988888889
"2275",9,-84.422343030303,33.8787266666667
"2276",9,-84.4070606060606,33.8787266666667
"2277",9,-84.3917781818182,33.8787266666667
"2278",9,-84.3803163636364,33.8787266666667
"2279",9,-84.3698096969697,33.8787266666667
"2280",9,-84.3545272727273,33.8787266666667
"2281",9,-84.422343030303,33.8795544444444
"2282",9,-84.4070606060606,33.8795544444444
"2283",9,-84.3917781818182,33.8795544444444
"2284",9,-84.3803163636364,33.8795544444444
"2285",9,-84.3698096969697,33.8795544444444
"2286",9,-84.3535721212121,33.8795544444444
"2287",9,-84.422343030303,33.8803822222222
"2288",9,-84.4070606060606,33.8803822222222
"2289",9,-84.3917781818182,33.8803822222222
"2290",9,-84.3803163636364,33.8803822222222
"2291",9,-84.3698096969697,33.8803822222222
"2292",9,-84.3535721212121,33.8803822222222
"2293",9,-84.422343030303,33.88121
"2294",9,-84.4070606060606,33.88121
"2295",9,-84.3917781818182,33.88121
"2296",9,-84.3803163636364,33.88121
"2297",9,-84.3698096969697,33.88121
"2298",9,-84.3535721212121,33.88121
"2299",NA,-84.3998257795699,33.6776133467742
"2300",NA,-84.3387382449495,33.753516969697
"2301",NA,-84.3812411655829,33.7675226663332
"2302",NA,-84.4240850733497,33.7424652628362
"2303",NA,-84.4957383770288,33.6926733583021
"2304",NA,-84.4820271659194,33.7670531210762
"2305",NA,-84.383013840079,33.7206892003949
"2306",NA,-84.4149845209903,33.8024074381054
"2307",NA,-84.3684630998972,33.8381238722966
